Batch ID,Date Produced,Material Type,Color,Production Line,Weight (g),Scrap Rate (%),Pass/Fail,Operator,Phone,Email,Shift,Machine Barcode,Lot Number
eb6221c8-f45a-49f6-8c0c-ee28f5a29fc0,2025-05-01,PLA,Black,Line 2,1024.84,1.79,Pass,Jacqueline Bass,001-988-061-3911x7775,haynesdavid@yahoo.com,Shift C,MCH-001,L9935
9748d109-45e1-4bb0-98af-53396946b791,2025-05-01,PLA,Red,Line 1,1032.38,4.28,Pass,Kristen Cole,300-905-2906x4997,theodore63@yahoo.com,Shift A,MCH-001,L4257
35de154c-67d6-4144-a9e2-8afe65353fb2,2025-05-01,ABS,Blue,Line 4,988.29,1.65,Pass,Sherry Bryant,001-741-699-1830x254,timothy04@knox.net,Shift C,MCH-001,L3615
f3aca5db-d6d8-4dd3-9831-10d47c1c2c08,2025-05-01,ABS,Black,Line 2,1078.96,3.15,Pass,Kristen Cole,300-905-2906x4997,theodore63@yahoo.com,Shift C,MCH-003,L2674
5299334b-a2bd-43b4-99ca-e5073e6bab53,2025-05-01,PLA,Black,Line 3,976.53,2.81,Pass,Kristen Cole,300-905-2906x4997,theodore63@yahoo.com,Shift A,MCH-001,L8527
9f9f2c67-aab2-4d45-b807-6e84baf5886e,2025-05-01,ABS,Red,Line 5,976.83,1.3,Pass,Jacqueline Bass,001-988-061-3911x7775,haynesdavid@yahoo.com,Shift C,MCH-003,L4150
905567a9-73ec-41d4-b8da-47cc4f2eddcf,2025-05-01,PLA,Blue,Line 3,1012.1,0.87,Fail,Jacqueline Bass,001-988-061-3911x7775,haynesdavid@yahoo.com,Shift C,MCH-002,L2654
998de804-9d8e-497b-a5d8-7fe634b789e0,2025-05-01,ABS,Black,Line 2,913.75,1.16,Pass,Mary Anderson,247-382-6261x52923,jesse59@stewart-johnson.info,Shift B,MCH-002,L5374
e4059103-458d-4ba0-8ee1-01ed9a66be86,2025-05-01,TPU,Blue,Line 5,949.36,2.47,Pass,Jacqueline Bass,001-988-061-3911x7775,haynesdavid@yahoo.com,Shift C,MCH-002,L8573
0acde8bb-3bd9-4a57-b324-a151640b15cb,2025-05-01,TPU,Blue,Line 6,954.6,0.12,Pass,Mary Anderson,247-382-6261x52923,jesse59@stewart-johnson.info,Shift B,MCH-001,L4752
826448d1-e088-474c-8432-6c384712c286,2025-05-01,ABS,Black,Line 1,1073.28,1.66,Pass,David Pittman,819-303-1909x4296,saracarroll@mayer.com,Shift A,MCH-003,L4483
0d735fac-8083-4f0b-a015-9b2ea037280d,2025-05-01,ABS,White,Line 2,1003.38,0.14,Pass,Paul Macdonald,493-813-3210x19538,victormason@cabrera.com,Shift C,MCH-002,L9830
a2df4685-cb3b-43c8-b15a-91be4a1f3a32,2025-05-01,TPU,White,Line 3,972.78,2.17,Pass,Kristen Cole,300-905-2906x4997,theodore63@yahoo.com,Shift B,MCH-002,L9348
e6c17c4b-9855-4ac1-ad8b-f9b9627509df,2025-05-01,PLA,Red,Line 2,942.45,2.56,Pass,Jacqueline Bass,001-988-061-3911x7775,haynesdavid@yahoo.com,Shift B,MCH-004,L2040
2f838f7e-e451-432b-a903-e8dbc7b375c9,2025-05-01,TPU,White,Line 5,969.97,1.56,Pass,Kristen Cole,300-905-2906x4997,theodore63@yahoo.com,Shift B,MCH-001,L2876
c3da85ea-7736-4a20-be40-baabe37e38a5,2025-05-01,ABS,Black,Line 1,969.91,4.78,Pass,Sherry Bryant,001-741-699-1830x254,timothy04@knox.net,Shift C,MCH-002,L8433
62177ebe-2424-4735-b600-58568b8f62fe,2025-05-01,TPU,Blue,Line 5,999.33,0.41,Fail,Mary Anderson,247-382-6261x52923,jesse59@stewart-johnson.info,Shift A,MCH-003,L9317
26ef2596-2405-4bf3-8493-7bdb3a63298c,2025-05-01,PLA,Black,Line 2,1041.13,0.17,Pass,Rita Graves,538.709.6430x8749,deleonscott@hatfield-reyes.com,Shift C,MCH-001,L6310
1473249c-ab60-4598-bd7a-92fabe110aba,2025-05-02,PLA,Black,Line 3,1010.44,0.94,Pass,Amanda Anderson,406-315-7403x927,justin01@yahoo.com,Shift B,MCH-002,L2290
e2dceeab-13f8-46a9-bc56-02c5cbb59650,2025-05-02,PLA,Blue,Line 2,933.59,2.3,Pass,Paul Macdonald,493-813-3210x19538,victormason@cabrera.com,Shift A,MCH-002,L5342
5e6443c9-ecf8-4665-873f-ddf3949edef6,2025-05-02,PLA,Blue,Line 6,1036.92,2.26,Pass,Kristen Cole,300-905-2906x4997,theodore63@yahoo.com,Shift C,MCH-003,L8177
19807884-cfd6-4308-a04e-68e1a318bc23,2025-05-02,PLA,Blue,Line 2,994.22,1.55,Pass,Paul Macdonald,493-813-3210x19538,victormason@cabrera.com,Shift C,MCH-001,L4770
a3abb135-f172-41c5-83bf-7b8ab4c171fd,2025-05-02,PLA,Red,Line 6,926.07,0.92,Pass,Rita Graves,538.709.6430x8749,deleonscott@hatfield-reyes.com,Shift C,MCH-002,L2104
e5c3c932-5a10-4c27-aa6d-c8aca7b7acda,2025-05-02,PLA,Blue,Line 3,976.97,3.59,Pass,David Pittman,819-303-1909x4296,saracarroll@mayer.com,Shift A,MCH-002,L9834
dca771fd-b171-4e91-a49e-ee76ff3277be,2025-05-02,PLA,White,Line 4,1017.18,0.64,Pass,Paul Macdonald,493-813-3210x19538,victormason@cabrera.com,Shift A,MCH-001,L8062
481e9a95-a5d0-494f-809c-a4b8e6a6b294,2025-05-02,ABS,White,Line 6,1016.2,1.42,Pass,Kristen Cole,300-905-2906x4997,theodore63@yahoo.com,Shift B,MCH-001,L1993
698c98a6-8411-477d-aef4-2f8d604e23f0,2025-05-02,PLA,Blue,Line 2,966.15,2.92,Pass,David Pittman,819-303-1909x4296,saracarroll@mayer.com,Shift B,MCH-004,L3296
4ae34aaa-8cf3-4f7b-ba66-a3881b0faa5f,2025-05-02,ABS,White,Line 2,1051.55,3.4,Pass,Patrick Meyer,(945)759-0061x325,victoria30@wallace-kennedy.biz,Shift B,MCH-001,L8260
d8725927-bafe-4943-9ef8-0eac30fd12b8,2025-05-02,PLA,Red,Line 1,958.04,1.54,Fail,Jacqueline Bass,001-988-061-3911x7775,haynesdavid@yahoo.com,Shift C,MCH-002,L3724
09b1234d-7578-4bc7-ad84-d28363101b1e,2025-05-02,ABS,Blue,Line 4,1016.56,3.46,Fail,Paul Macdonald,493-813-3210x19538,victormason@cabrera.com,Shift B,MCH-002,L7209
169dd3e5-cca0-4b07-9fea-7c657aa46b82,2025-05-02,ABS,White,Line 3,976.04,1.72,Pass,Kristen Cole,300-905-2906x4997,theodore63@yahoo.com,Shift A,MCH-004,L3536
0d8ec720-3f0f-43e1-b8de-b26afb57088b,2025-05-02,PLA,Red,Line 5,944.68,0.21,Pass,Mary Anderson,247-382-6261x52923,jesse59@stewart-johnson.info,Shift A,MCH-001,L6138
81d0d014-b5ae-43bf-b29f-3072c0792ca2,2025-05-02,TPU,White,Line 5,1040.63,4.03,Fail,Amanda Anderson,406-315-7403x927,justin01@yahoo.com,Shift A,MCH-002,L1931
d3b37520-1c5e-4f5e-8623-e79c2ffea994,2025-05-02,PLA,Red,Line 5,996.4,3.51,Pass,Jacqueline Bass,001-988-061-3911x7775,haynesdavid@yahoo.com,Shift C,MCH-002,L7615
f716b514-e22c-4dc6-a962-04b876228ebb,2025-05-02,TPU,Red,Line 5,1018.08,1.03,Pass,Rita Graves,538.709.6430x8749,deleonscott@hatfield-reyes.com,Shift A,MCH-003,L5272
878a28b9-79c7-47f6-a1ed-b54bacbd15a6,2025-05-02,PLA,Black,Line 4,1018.07,4.31,Pass,David Pittman,819-303-1909x4296,saracarroll@mayer.com,Shift A,MCH-003,L8491
d4e8db7f-8da1-4c62-b0bd-2bb048c05433,2025-05-03,PLA,White,Line 5,998.21,4.35,Fail,Jacqueline Bass,001-988-061-3911x7775,haynesdavid@yahoo.com,Shift B,MCH-001,L2200
d8531e8e-d31a-453c-9b3d-06edfdde57d2,2025-05-03,TPU,Black,Line 2,869.01,3.23,Fail,Rita Graves,538.709.6430x8749,deleonscott@hatfield-reyes.com,Shift C,MCH-001,L5002
8d669481-8437-4f2b-a83b-3b1f3a470f38,2025-05-03,PLA,White,Line 5,1004.35,1.55,Pass,Mary Anderson,247-382-6261x52923,jesse59@stewart-johnson.info,Shift B,MCH-001,L5905
fab63749-be30-4a41-9c99-abce7c770af3,2025-05-03,PLA,Black,Line 1,1004.59,0.98,Pass,Jacqueline Bass,001-988-061-3911x7775,haynesdavid@yahoo.com,Shift C,MCH-002,L5462
ede3fa7f-0c3d-46a4-9395-bf6e8e8d7b94,2025-05-03,TPU,Black,Line 2,989.02,2.54,Pass,Rita Graves,538.709.6430x8749,deleonscott@hatfield-reyes.com,Shift B,MCH-003,L9280
41b3235e-f02a-48c3-8fb5-33aa7043321c,2025-05-03,PLA,Red,Line 6,1073.89,1.22,Pass,Mary Anderson,247-382-6261x52923,jesse59@stewart-johnson.info,Shift B,MCH-003,L1722
691b63d6-02f6-4020-b42d-a274a4ed854b,2025-05-03,PLA,Black,Line 2,959.58,1.25,Pass,David Pittman,819-303-1909x4296,saracarroll@mayer.com,Shift A,MCH-004,L1158
8ecd720a-2b40-440b-b119-e36ca9cbfe20,2025-05-03,TPU,Blue,Line 5,1045.77,2.49,Pass,Jacqueline Bass,001-988-061-3911x7775,haynesdavid@yahoo.com,Shift A,MCH-003,L3426
5076b22e-71c3-432a-bada-3caeea24fe18,2025-05-03,PLA,Black,Line 3,973.51,2.77,Pass,Patrick Meyer,(945)759-0061x325,victoria30@wallace-kennedy.biz,Shift B,MCH-001,L6862
e2f0369b-e4d4-4f4d-9494-c0a82bcfe5cc,2025-05-03,TPU,Red,Line 3,1004.85,3.45,Pass,Rita Graves,538.709.6430x8749,deleonscott@hatfield-reyes.com,Shift A,MCH-004,L3532
739cfb97-9a26-42b8-b7c5-cf10d028f2c6,2025-05-03,PLA,White,Line 1,964.9,1.51,Pass,Patrick Meyer,(945)759-0061x325,victoria30@wallace-kennedy.biz,Shift A,MCH-003,L7745
b99444f4-d57e-42da-9fa9-c4a7bcfac11c,2025-05-03,ABS,Blue,Line 6,980.39,0.2,Pass,Rita Graves,538.709.6430x8749,deleonscott@hatfield-reyes.com,Shift C,MCH-001,L8711
f8a007dd-135b-458a-828b-794776430c92,2025-05-03,ABS,Black,Line 3,1014.81,2.39,Pass,Rita Graves,538.709.6430x8749,deleonscott@hatfield-reyes.com,Shift A,MCH-002,L4652
adddadd5-a134-4147-8748-f9caf9af88bc,2025-05-03,ABS,Black,Line 3,1000.26,1.65,Pass,Rita Graves,538.709.6430x8749,deleonscott@hatfield-reyes.com,Shift A,MCH-003,L6753
b7180ad7-26d9-43c7-8d6c-5251fb67d617,2025-05-03,ABS,Black,Line 1,929.23,1.37,Pass,Sherry Bryant,001-741-699-1830x254,timothy04@knox.net,Shift C,MCH-003,L3925
743093cf-0ae5-45ec-8c5a-25c7279c1e62,2025-05-03,PLA,Red,Line 5,982.86,0.8,Pass,Mary Anderson,247-382-6261x52923,jesse59@stewart-johnson.info,Shift C,MCH-003,L8149
fd55e764-4fe1-410c-8c2b-f7ac15b213fa,2025-05-03,PLA,White,Line 5,991.94,2.61,Pass,Sherry Bryant,001-741-699-1830x254,timothy04@knox.net,Shift C,MCH-001,L8144
7c449f68-d42c-434c-99bf-f86bf82c927e,2025-05-03,TPU,Blue,Line 3,1094.31,2.26,Pass,Sherry Bryant,001-741-699-1830x254,timothy04@knox.net,Shift A,MCH-003,L6143
f36604a1-27c9-4dbd-9673-561d4cf499ff,2025-05-04,TPU,Black,Line 5,1012.88,1.89,Pass,Jacqueline Bass,001-988-061-3911x7775,haynesdavid@yahoo.com,Shift C,MCH-004,L6344
8bccef79-0789-4dd4-8e64-2182632ae94d,2025-05-04,TPU,Blue,Line 2,904.06,1.96,Pass,Mary Anderson,247-382-6261x52923,jesse59@stewart-johnson.info,Shift B,MCH-004,L3851
fb4c18db-c9b1-4c9a-ad29-15f37d7076b1,2025-05-04,ABS,Red,Line 3,1003.01,5.69,Pass,Mary Anderson,247-382-6261x52923,jesse59@stewart-johnson.info,Shift C,MCH-004,L6279
343e2b89-3a7e-4447-a7e6-994bf4e9b2b5,2025-05-04,ABS,Blue,Line 5,990.38,2.45,Pass,Paul Macdonald,493-813-3210x19538,victormason@cabrera.com,Shift B,MCH-002,L2389
69654ea5-9ece-48dd-ab06-5d7c0df2f287,2025-05-04,TPU,Black,Line 1,998.26,0.25,Pass,Sherry Bryant,001-741-699-1830x254,timothy04@knox.net,Shift B,MCH-002,L6085
a027eaf0-d247-499a-99b7-1b71b97d27dc,2025-05-04,PLA,Red,Line 1,1057.14,3.13,Pass,Rita Graves,538.709.6430x8749,deleonscott@hatfield-reyes.com,Shift A,MCH-004,L2193
1ffa4668-cb09-4f87-9581-95f5e7efe9f3,2025-05-04,TPU,Blue,Line 6,1039.55,0.64,Pass,Kristen Cole,300-905-2906x4997,theodore63@yahoo.com,Shift B,MCH-004,L7547
631e81a6-d087-46b3-a6e8-cf38b52399ff,2025-05-04,TPU,Red,Line 1,1070.14,0.1,Pass,Patrick Meyer,(945)759-0061x325,victoria30@wallace-kennedy.biz,Shift A,MCH-002,L3881
4d34f112-a00f-4561-9b21-44029a58c303,2025-05-04,ABS,Red,Line 5,1029.34,5.29,Pass,Sherry Bryant,001-741-699-1830x254,timothy04@knox.net,Shift C,MCH-001,L8478
9f97492f-111e-40ed-9c82-d0586785e6ea,2025-05-04,TPU,Black,Line 4,950.47,1.15,Pass,Paul Macdonald,493-813-3210x19538,victormason@cabrera.com,Shift A,MCH-004,L9976
8c4cb087-9b39-4da4-8177-b40649e2231d,2025-05-04,TPU,White,Line 4,1004.98,1.24,Pass,Patrick Meyer,(945)759-0061x325,victoria30@wallace-kennedy.biz,Shift B,MCH-002,L5543
14be8e62-b9fd-4c57-af14-c20cdf67df80,2025-05-04,TPU,Blue,Line 3,922.47,2.1,Pass,Paul Macdonald,493-813-3210x19538,victormason@cabrera.com,Shift C,MCH-003,L4841
ff3b07a7-a033-48d5-abc1-b1e2a4bf419a,2025-05-04,ABS,Red,Line 2,946.88,2.71,Pass,David Pittman,819-303-1909x4296,saracarroll@mayer.com,Shift B,MCH-004,L3503
eafa0c06-9c76-4d85-9121-b6115e8f7ffa,2025-05-04,PLA,White,Line 4,954.03,4.32,Pass,Rita Graves,538.709.6430x8749,deleonscott@hatfield-reyes.com,Shift C,MCH-004,L7812
2dc6c9e6-dfa5-46c4-8c9a-c0151af653b4,2025-05-04,ABS,White,Line 5,960.84,1.52,Fail,Rita Graves,538.709.6430x8749,deleonscott@hatfield-reyes.com,Shift A,MCH-001,L7232
a4454cf5-8bed-46b7-a4d6-fc835ff38334,2025-05-04,ABS,Black,Line 4,1040.68,0.15,Pass,Amanda Anderson,406-315-7403x927,justin01@yahoo.com,Shift B,MCH-004,L9818
a4cd0650-8a4b-4ce1-9d7b-199de799eacb,2025-05-04,TPU,Blue,Line 4,1011.37,3.96,Pass,Sherry Bryant,001-741-699-1830x254,timothy04@knox.net,Shift C,MCH-004,L8956
b8149cbc-db09-4bde-b889-916eeaa26d1f,2025-05-04,ABS,White,Line 6,919.63,2.28,Pass,Kristen Cole,300-905-2906x4997,theodore63@yahoo.com,Shift A,MCH-004,L3091
b9246457-5226-41f0-8df8-61b6006ecc0a,2025-05-05,PLA,White,Line 5,1012.99,3.17,Pass,Sherry Bryant,001-741-699-1830x254,timothy04@knox.net,Shift C,MCH-001,L2375
2450af22-0206-4c76-a150-9295b760b894,2025-05-05,PLA,White,Line 2,938.15,0.02,Pass,Kristen Cole,300-905-2906x4997,theodore63@yahoo.com,Shift C,MCH-004,L6363
2b7ddc22-fd50-4fee-9a3c-05a552e28242,2025-05-05,ABS,Black,Line 4,1026.1,2.45,Pass,Paul Macdonald,493-813-3210x19538,victormason@cabrera.com,Shift A,MCH-004,L5133
9b578c1b-2801-41b4-8231-e1b0191dd502,2025-05-05,PLA,Red,Line 3,1012.52,2.52,Pass,Paul Macdonald,493-813-3210x19538,victormason@cabrera.com,Shift A,MCH-001,L1659
18819fff-b336-4fde-97ff-fd8b43b002d5,2025-05-05,PLA,Red,Line 5,966.0,2.35,Pass,Rita Graves,538.709.6430x8749,deleonscott@hatfield-reyes.com,Shift A,MCH-002,L8758
e7f0d0d2-f561-48f8-88ff-9bbe7cbb7537,2025-05-05,TPU,Blue,Line 4,1014.65,0.93,Pass,Jacqueline Bass,001-988-061-3911x7775,haynesdavid@yahoo.com,Shift C,MCH-003,L3749
bbd6bc24-8a6c-4e16-b3ba-2b5b5e75b998,2025-05-05,PLA,Black,Line 1,1093.29,2.71,Pass,Jacqueline Bass,001-988-061-3911x7775,haynesdavid@yahoo.com,Shift C,MCH-003,L7149
e5e7024f-2cd7-437e-92d2-b824fdf96dd8,2025-05-05,PLA,Blue,Line 1,940.43,2.98,Pass,Rita Graves,538.709.6430x8749,deleonscott@hatfield-reyes.com,Shift B,MCH-003,L2983
f8e2dd53-7281-4da1-a035-af377682874a,2025-05-05,ABS,White,Line 6,951.27,3.18,Pass,Amanda Anderson,406-315-7403x927,justin01@yahoo.com,Shift C,MCH-003,L1207
878c7171-5753-420b-b8c9-d09a902b2010,2025-05-05,PLA,White,Line 3,1057.93,0.77,Pass,Paul Macdonald,493-813-3210x19538,victormason@cabrera.com,Shift B,MCH-004,L3506
bdf92446-444a-4170-841d-c9219ddae820,2025-05-05,TPU,Black,Line 5,1048.17,2.62,Pass,Patrick Meyer,(945)759-0061x325,victoria30@wallace-kennedy.biz,Shift B,MCH-004,L8616
8ee4dbf6-b468-493d-b11d-8c4206490c82,2025-05-05,ABS,Blue,Line 1,1041.1,4.85,Pass,Mary Anderson,247-382-6261x52923,jesse59@stewart-johnson.info,Shift B,MCH-004,L4995
8bd4fba3-0642-46ae-8530-8cee1995164f,2025-05-05,ABS,Red,Line 4,987.73,0.87,Pass,Kristen Cole,300-905-2906x4997,theodore63@yahoo.com,Shift B,MCH-002,L8988
9218ff2c-1585-49c2-95ca-727c09fdd00d,2025-05-05,ABS,Black,Line 3,955.52,0.78,Pass,David Pittman,819-303-1909x4296,saracarroll@mayer.com,Shift A,MCH-003,L1166
7c11ceb0-7a7e-4595-a6ea-1ec710466055,2025-05-05,PLA,Blue,Line 6,996.14,2.51,Pass,Rita Graves,538.709.6430x8749,deleonscott@hatfield-reyes.com,Shift C,MCH-002,L8800
64830dce-00b9-4344-91d4-e301018aa1ec,2025-05-05,ABS,Red,Line 1,1013.83,3.24,Pass,Paul Macdonald,493-813-3210x19538,victormason@cabrera.com,Shift C,MCH-004,L4986
3d589292-53b7-4e99-b88a-9e8c7661b2be,2025-05-05,ABS,Black,Line 4,1000.65,4.18,Fail,David Pittman,819-303-1909x4296,saracarroll@mayer.com,Shift B,MCH-003,L6764
ca3a3421-fd63-495c-a3b4-6a3604d2e10f,2025-05-05,ABS,Black,Line 3,986.77,6.08,Pass,Paul Macdonald,493-813-3210x19538,victormason@cabrera.com,Shift C,MCH-002,L6169
59cf7224-93c9-4640-8b99-a0e5052a4427,2025-05-06,TPU,Blue,Line 2,1031.28,0.71,Pass,Sherry Bryant,001-741-699-1830x254,timothy04@knox.net,Shift A,MCH-004,L5530
b111b2a6-6f99-495d-a1ec-08a6e5d918c9,2025-05-06,TPU,Black,Line 1,946.46,2.72,Pass,Sherry Bryant,001-741-699-1830x254,timothy04@knox.net,Shift C,MCH-003,L4727
1ac1a24c-3e50-4ed3-990a-8a57bdf540fe,2025-05-06,ABS,Red,Line 6,988.83,3.07,Pass,Patrick Meyer,(945)759-0061x325,victoria30@wallace-kennedy.biz,Shift B,MCH-003,L1745
c13b8dfd-fa32-47e7-95b5-2746422fa935,2025-05-06,ABS,Blue,Line 6,1023.66,1.89,Pass,Sherry Bryant,001-741-699-1830x254,timothy04@knox.net,Shift A,MCH-004,L2680
22b5189f-1b5e-43bc-92a2-02c284159f7f,2025-05-06,ABS,White,Line 4,957.66,0.27,Pass,Mary Anderson,247-382-6261x52923,jesse59@stewart-johnson.info,Shift A,MCH-001,L5136
43e1860b-27b3-489f-8f63-c424217eefbf,2025-05-06,PLA,White,Line 4,977.67,3.28,Pass,Jacqueline Bass,001-988-061-3911x7775,haynesdavid@yahoo.com,Shift B,MCH-001,L3485
19fcefbd-5fe6-4abf-9012-53226a91c404,2025-05-06,PLA,Blue,Line 1,1010.7,0.13,Pass,Mary Anderson,247-382-6261x52923,jesse59@stewart-johnson.info,Shift A,MCH-004,L4697
c26513d2-69e1-49a1-af04-fcc1d3ca4a2c,2025-05-06,ABS,White,Line 3,1008.66,2.58,Pass,Kristen Cole,300-905-2906x4997,theodore63@yahoo.com,Shift C,MCH-004,L6003
435ed30e-7e7d-4370-b51f-dbb9e3382868,2025-05-06,TPU,Red,Line 2,955.81,2.23,Pass,Amanda Anderson,406-315-7403x927,justin01@yahoo.com,Shift C,MCH-003,L2330
f082d7db-9dd6-4980-93d1-47ae23225f50,2025-05-06,PLA,Red,Line 2,1002.91,0.29,Pass,Rita Graves,538.709.6430x8749,deleonscott@hatfield-reyes.com,Shift A,MCH-004,L8699
a10f8eeb-c1f5-49aa-b9ab-e7c007cb029b,2025-05-06,PLA,Black,Line 6,1017.89,2.84,Pass,Amanda Anderson,406-315-7403x927,justin01@yahoo.com,Shift B,MCH-004,L2166
8b984b7a-3d6c-431d-84fa-34cea12151be,2025-05-06,ABS,Blue,Line 4,1054.15,3.58,Pass,Rita Graves,538.709.6430x8749,deleonscott@hatfield-reyes.com,Shift C,MCH-002,L3441
59e7a206-4b12-43f0-9f19-08a87e3b2fbe,2025-05-06,PLA,Red,Line 2,931.12,0.59,Pass,Patrick Meyer,(945)759-0061x325,victoria30@wallace-kennedy.biz,Shift B,MCH-003,L8195
168ff7f4-d2f4-4cd9-97e1-4a541055b0a2,2025-05-06,TPU,Black,Line 6,1025.75,2.77,Pass,Paul Macdonald,493-813-3210x19538,victormason@cabrera.com,Shift A,MCH-003,L9199
324fe034-a113-43e6-8d7b-e4592d47137b,2025-05-06,ABS,Red,Line 5,1025.75,7.78,Pass,Paul Macdonald,493-813-3210x19538,victormason@cabrera.com,Shift C,MCH-004,L6280
aa65b1a5-ed79-4a12-8951-d5a2b8eb0cb5,2025-05-06,PLA,Red,Line 2,1028.54,3.7,Fail,Mary Anderson,247-382-6261x52923,jesse59@stewart-johnson.info,Shift C,MCH-001,L5415
523f774c-4590-41f7-b780-0e69d885071a,2025-05-06,PLA,White,Line 5,1047.7,2.98,Pass,Amanda Anderson,406-315-7403x927,justin01@yahoo.com,Shift C,MCH-003,L3973
43e1a070-bc70-40e8-937e-0200fd0b7766,2025-05-06,TPU,White,Line 1,984.24,3.14,Pass,Kristen Cole,300-905-2906x4997,theodore63@yahoo.com,Shift C,MCH-004,L6460
9fac96d9-c045-4025-89ac-382a5d9e56c7,2025-05-07,PLA,Black,Line 4,961.36,1.64,Pass,Jacqueline Bass,001-988-061-3911x7775,haynesdavid@yahoo.com,Shift B,MCH-003,L7561
93a244a9-fb73-4b30-b952-171fd723af4d,2025-05-07,ABS,Red,Line 3,975.73,2.12,Pass,Amanda Anderson,406-315-7403x927,justin01@yahoo.com,Shift C,MCH-001,L7622
06dc1d8a-4794-4237-b756-94cc94846728,2025-05-07,TPU,White,Line 4,1115.73,0.8,Pass,Amanda Anderson,406-315-7403x927,justin01@yahoo.com,Shift C,MCH-003,L9167
41ebc69d-7378-424d-b2b3-e0c8de26c321,2025-05-07,PLA,Blue,Line 3,1034.31,0.42,Pass,Paul Macdonald,493-813-3210x19538,victormason@cabrera.com,Shift C,MCH-003,L8178
d4232479-d438-479d-a6b6-73301043930c,2025-05-07,PLA,Red,Line 6,976.4,3.63,Pass,Paul Macdonald,493-813-3210x19538,victormason@cabrera.com,Shift C,MCH-002,L3594
63edc36c-d0bb-42e6-884e-0e00f6cc29ac,2025-05-07,PLA,White,Line 1,1003.21,0.38,Pass,Sherry Bryant,001-741-699-1830x254,timothy04@knox.net,Shift B,MCH-001,L8560
ba762bf0-58d5-471d-bff1-baeb1e813ae2,2025-05-07,ABS,Black,Line 5,964.23,3.02,Pass,Patrick Meyer,(945)759-0061x325,victoria30@wallace-kennedy.biz,Shift A,MCH-004,L8905
1eb14b7d-e611-4c06-be36-2f30451a1a29,2025-05-07,ABS,Blue,Line 4,963.48,2.32,Pass,Rita Graves,538.709.6430x8749,deleonscott@hatfield-reyes.com,Shift B,MCH-002,L2143
0b5797de-002e-411c-bf0e-d8143b8a159b,2025-05-07,ABS,Black,Line 1,1002.28,1.02,Pass,Kristen Cole,300-905-2906x4997,theodore63@yahoo.com,Shift B,MCH-003,L9022
ea3cdf75-fcb2-4ca5-8d41-c8b9ca3561e9,2025-05-07,TPU,White,Line 3,1107.2,2.95,Pass,Paul Macdonald,493-813-3210x19538,victormason@cabrera.com,Shift A,MCH-004,L8460
6c8546ad-2653-4c33-b53d-2b82a628f164,2025-05-07,TPU,Blue,Line 5,898.74,2.28,Pass,Rita Graves,538.709.6430x8749,deleonscott@hatfield-reyes.com,Shift B,MCH-004,L1715
6e55f7e4-7186-4859-a27e-a1358bb196f0,2025-05-07,TPU,White,Line 4,966.91,3.28,Fail,Paul Macdonald,493-813-3210x19538,victormason@cabrera.com,Shift B,MCH-002,L9115
d6566a5d-682c-491b-91cc-468e82d1831c,2025-05-07,TPU,Black,Line 1,960.37,1.83,Pass,Patrick Meyer,(945)759-0061x325,victoria30@wallace-kennedy.biz,Shift A,MCH-004,L2633
0c381c6a-64bc-4ad9-8f9e-9d23fc51d885,2025-05-07,PLA,Blue,Line 4,1025.25,3.3,Pass,Paul Macdonald,493-813-3210x19538,victormason@cabrera.com,Shift C,MCH-002,L2225
b1af50f4-f84b-4623-aa43-a9252acb6b99,2025-05-07,ABS,White,Line 6,939.99,1.5,Pass,Mary Anderson,247-382-6261x52923,jesse59@stewart-johnson.info,Shift B,MCH-003,L9742
9b5b47f5-e9f3-467d-ab03-a0805a1fde3e,2025-05-07,TPU,White,Line 5,976.25,1.02,Pass,David Pittman,819-303-1909x4296,saracarroll@mayer.com,Shift B,MCH-001,L4846
1d892de2-eaba-48ec-8029-c5b4499b5799,2025-05-07,PLA,Red,Line 4,1088.27,2.61,Fail,Mary Anderson,247-382-6261x52923,jesse59@stewart-johnson.info,Shift C,MCH-001,L8269
6b4ea997-fbae-4451-abe6-0622241f5cee,2025-05-07,PLA,Red,Line 3,936.96,3.38,Pass,Mary Anderson,247-382-6261x52923,jesse59@stewart-johnson.info,Shift A,MCH-003,L6873
fa07c34e-37a6-4d35-b5f6-d2b56a155c30,2025-05-08,PLA,Blue,Line 5,1106.11,3.55,Pass,Kristen Cole,300-905-2906x4997,theodore63@yahoo.com,Shift B,MCH-002,L3785
fb5209b6-ed39-4f96-8c8d-70811020b3ff,2025-05-08,TPU,White,Line 5,924.03,1.27,Pass,Jacqueline Bass,001-988-061-3911x7775,haynesdavid@yahoo.com,Shift A,MCH-004,L3344
99e1d789-609d-4868-b6ee-f152415aab63,2025-05-08,TPU,Black,Line 4,1063.35,0.94,Pass,Paul Macdonald,493-813-3210x19538,victormason@cabrera.com,Shift A,MCH-001,L8622
70a21345-d127-4bde-8bbe-84ce3fdf86bb,2025-05-08,PLA,Red,Line 4,1022.19,3.16,Fail,Sherry Bryant,001-741-699-1830x254,timothy04@knox.net,Shift B,MCH-003,L7951
01ad3dfb-c41f-4a0c-89ab-ae01607a9e09,2025-05-08,ABS,Black,Line 2,953.65,1.91,Fail,Mary Anderson,247-382-6261x52923,jesse59@stewart-johnson.info,Shift C,MCH-004,L2747
924f3636-2479-4d04-b8e9-831e6547afe6,2025-05-08,TPU,Black,Line 5,837.94,0.46,Pass,Kristen Cole,300-905-2906x4997,theodore63@yahoo.com,Shift A,MCH-003,L1359
a669eb31-cc5c-43e4-8c2e-77a99f3c92c0,2025-05-08,ABS,Red,Line 5,987.37,0.13,Pass,Kristen Cole,300-905-2906x4997,theodore63@yahoo.com,Shift C,MCH-001,L9138
eb199af5-e603-4259-86e5-bd81d06892d9,2025-05-08,TPU,Black,Line 2,1081.62,0.15,Pass,Rita Graves,538.709.6430x8749,deleonscott@hatfield-reyes.com,Shift B,MCH-003,L3240
ded78598-080b-4ae6-84d2-0b2febf9ff21,2025-05-08,TPU,Red,Line 3,978.0,2.2,Pass,Jacqueline Bass,001-988-061-3911x7775,haynesdavid@yahoo.com,Shift C,MCH-001,L6977
75866c28-d5d3-43ca-9370-f47f69f7c2d0,2025-05-08,PLA,Black,Line 3,1072.06,0.15,Pass,Patrick Meyer,(945)759-0061x325,victoria30@wallace-kennedy.biz,Shift C,MCH-002,L4289
e0cbade8-0ad0-41af-b2be-00a49a668aab,2025-05-08,ABS,Black,Line 2,1058.16,2.02,Pass,Sherry Bryant,001-741-699-1830x254,timothy04@knox.net,Shift A,MCH-004,L5835
43cae1d2-edd1-44bc-814e-0af08a8fa105,2025-05-08,PLA,White,Line 1,950.92,2.69,Pass,David Pittman,819-303-1909x4296,saracarroll@mayer.com,Shift C,MCH-002,L7511
024bcd44-64b4-4219-988e-0c158c030b79,2025-05-08,PLA,White,Line 1,1009.95,1.1,Pass,David Pittman,819-303-1909x4296,saracarroll@mayer.com,Shift C,MCH-001,L8451
3882768d-3a40-435d-baf2-52c820c031ca,2025-05-08,TPU,White,Line 6,1003.49,1.42,Fail,Mary Anderson,247-382-6261x52923,jesse59@stewart-johnson.info,Shift B,MCH-001,L4830
d4c738d8-9c78-47b6-9321-46dcc2fac856,2025-05-08,TPU,Black,Line 5,1005.68,2.99,Pass,Amanda Anderson,406-315-7403x927,justin01@yahoo.com,Shift B,MCH-001,L8606
5f493570-7f7b-44ae-95fd-d4c2038c76f6,2025-05-08,TPU,White,Line 1,1079.3,0.14,Pass,Mary Anderson,247-382-6261x52923,jesse59@stewart-johnson.info,Shift C,MCH-001,L5986
0e282572-1aaf-4122-a120-81d0fdfb6b77,2025-05-08,PLA,Blue,Line 5,1106.65,0.93,Pass,Jacqueline Bass,001-988-061-3911x7775,haynesdavid@yahoo.com,Shift B,MCH-004,L7078
e9bbaae0-b803-46d6-9389-5335992702a0,2025-05-08,ABS,Blue,Line 4,992.41,2.88,Pass,Sherry Bryant,001-741-699-1830x254,timothy04@knox.net,Shift C,MCH-004,L7686
68dab170-bebf-4660-90f6-f050f96d72b9,2025-05-09,TPU,Black,Line 2,1014.05,1.07,Pass,Amanda Anderson,406-315-7403x927,justin01@yahoo.com,Shift B,MCH-002,L6942
b71e32da-f628-46a6-93f3-e3cd11cf8240,2025-05-09,TPU,Black,Line 1,989.59,1.26,Pass,David Pittman,819-303-1909x4296,saracarroll@mayer.com,Shift A,MCH-002,L3001
0d9af7c6-34b6-4fc6-9000-2084e5c7ce54,2025-05-09,TPU,Blue,Line 6,970.53,3.27,Pass,Jacqueline Bass,001-988-061-3911x7775,haynesdavid@yahoo.com,Shift B,MCH-001,L1828
4f1d847c-1281-45dd-ae9e-dca8d854857b,2025-05-09,PLA,Blue,Line 1,1017.85,0.96,Pass,Rita Graves,538.709.6430x8749,deleonscott@hatfield-reyes.com,Shift B,MCH-002,L4538
c5ed1f1a-4765-4937-81c0-1cc0526cbef5,2025-05-09,PLA,Red,Line 3,1044.98,2.46,Pass,David Pittman,819-303-1909x4296,saracarroll@mayer.com,Shift A,MCH-002,L3129
d4a1be4a-ed36-4e33-8bc5-a1a7b8986408,2025-05-09,PLA,Red,Line 6,1040.64,2.94,Pass,Mary Anderson,247-382-6261x52923,jesse59@stewart-johnson.info,Shift C,MCH-002,L1243
082434c6-8367-4cb8-bbb2-064e5aea5156,2025-05-09,TPU,Black,Line 1,958.55,1.16,Pass,Rita Graves,538.709.6430x8749,deleonscott@hatfield-reyes.com,Shift B,MCH-001,L3076
90373016-ca20-459b-922e-f274f79f6921,2025-05-09,TPU,Red,Line 6,1037.36,2.92,Pass,Kristen Cole,300-905-2906x4997,theodore63@yahoo.com,Shift C,MCH-004,L6931
108f5a5e-e8f9-485d-8247-8017e39ffe4d,2025-05-09,ABS,Blue,Line 5,998.95,2.18,Pass,Jacqueline Bass,001-988-061-3911x7775,haynesdavid@yahoo.com,Shift C,MCH-003,L8504
c1cfa970-9165-443f-92c4-8040692f00dc,2025-05-09,PLA,White,Line 4,1063.88,1.11,Pass,Amanda Anderson,406-315-7403x927,justin01@yahoo.com,Shift C,MCH-001,L9032
74a69698-9e5d-40f1-8e19-9f544942c1bd,2025-05-09,PLA,Red,Line 3,1027.35,1.7,Pass,Paul Macdonald,493-813-3210x19538,victormason@cabrera.com,Shift C,MCH-001,L3067
3cf4f4b8-9639-416f-9ab9-f721140d879f,2025-05-09,TPU,Black,Line 4,989.12,3.65,Fail,Sherry Bryant,001-741-699-1830x254,timothy04@knox.net,Shift B,MCH-003,L8433
ed65cb99-f4b5-4f5e-bb7b-5a5bcabd77a0,2025-05-09,PLA,Red,Line 6,1041.27,3.22,Pass,Kristen Cole,300-905-2906x4997,theodore63@yahoo.com,Shift C,MCH-002,L8046
c7d6c6bc-0368-4d96-8bb0-a316c6281629,2025-05-09,ABS,Black,Line 4,1065.27,2.03,Pass,Rita Graves,538.709.6430x8749,deleonscott@hatfield-reyes.com,Shift B,MCH-001,L6120
16fb9880-fa36-4285-8821-7e5618d24207,2025-05-09,TPU,Black,Line 3,1034.1,1.53,Fail,David Pittman,819-303-1909x4296,saracarroll@mayer.com,Shift B,MCH-004,L2099
327faf45-3a80-4f0e-81da-c17916a268e3,2025-05-09,PLA,White,Line 1,1016.21,1.8,Pass,Jacqueline Bass,001-988-061-3911x7775,haynesdavid@yahoo.com,Shift A,MCH-003,L3131
cde639b3-8aea-4a5b-b8c4-ef18b1a95f3c,2025-05-09,TPU,Black,Line 6,1004.85,2.89,Pass,Amanda Anderson,406-315-7403x927,justin01@yahoo.com,Shift C,MCH-003,L7929
37509c10-0f32-4aab-9bda-96e058c15035,2025-05-09,ABS,Black,Line 3,959.09,5.14,Pass,Amanda Anderson,406-315-7403x927,justin01@yahoo.com,Shift C,MCH-002,L3535
1e57e588-566a-4278-8b73-398e33454e13,2025-05-10,PLA,Red,Line 3,949.7,0.18,Pass,Paul Macdonald,493-813-3210x19538,victormason@cabrera.com,Shift C,MCH-003,L2882
df58c374-0692-4c94-b866-28cff7483113,2025-05-10,ABS,Red,Line 5,1057.91,3.19,Fail,Rita Graves,538.709.6430x8749,deleonscott@hatfield-reyes.com,Shift B,MCH-003,L1474
cbae3026-8316-4185-a873-ed002c1bb1b3,2025-05-10,TPU,Black,Line 3,1031.21,2.94,Pass,Mary Anderson,247-382-6261x52923,jesse59@stewart-johnson.info,Shift A,MCH-002,L3347
ca529130-51f0-404a-b126-ab244d2803c7,2025-05-10,PLA,Blue,Line 6,999.39,0.65,Pass,Kristen Cole,300-905-2906x4997,theodore63@yahoo.com,Shift C,MCH-001,L2503
051fc34e-538a-4087-9bc3-7062d24bab0a,2025-05-10,PLA,White,Line 4,1003.79,0.98,Pass,Sherry Bryant,001-741-699-1830x254,timothy04@knox.net,Shift C,MCH-002,L7062
9b119e3f-a55c-425b-a307-6c46b9b3d369,2025-05-10,TPU,Red,Line 1,1048.76,1.78,Pass,David Pittman,819-303-1909x4296,saracarroll@mayer.com,Shift B,MCH-001,L2336
20a6925d-da52-4bea-b00c-4393be13205d,2025-05-10,TPU,White,Line 4,958.73,1.52,Pass,Paul Macdonald,493-813-3210x19538,victormason@cabrera.com,Shift B,MCH-004,L5475
790b5446-20a8-422f-ae92-2714fba7a9d9,2025-05-10,PLA,Black,Line 4,1020.65,1.15,Pass,Sherry Bryant,001-741-699-1830x254,timothy04@knox.net,Shift A,MCH-004,L9633
cb65c66f-d96e-4f4a-827b-13c0931bdd58,2025-05-10,PLA,Blue,Line 4,958.89,2.37,Fail,Mary Anderson,247-382-6261x52923,jesse59@stewart-johnson.info,Shift C,MCH-001,L1125
6ac741d9-5ea1-4802-91ef-cfe575a58623,2025-05-10,PLA,Blue,Line 3,1012.25,1.24,Pass,Mary Anderson,247-382-6261x52923,jesse59@stewart-johnson.info,Shift A,MCH-001,L1126
e6a92110-09e9-443f-99ab-74bfb3c4a66e,2025-05-10,PLA,Blue,Line 4,976.45,2.35,Pass,Kristen Cole,300-905-2906x4997,theodore63@yahoo.com,Shift B,MCH-002,L9196
78709267-bf24-40dd-afdf-aa502b2f90ea,2025-05-10,PLA,White,Line 6,927.6,0.11,Pass,David Pittman,819-303-1909x4296,saracarroll@mayer.com,Shift C,MCH-001,L8532
5fff100f-4cb5-4617-8030-44258af83bcc,2025-05-10,TPU,White,Line 5,964.08,1.68,Pass,David Pittman,819-303-1909x4296,saracarroll@mayer.com,Shift A,MCH-004,L5743
9df76f80-6149-4e99-a7ea-d8b6d93fbf23,2025-05-10,PLA,Black,Line 2,1015.55,4.21,Pass,Kristen Cole,300-905-2906x4997,theodore63@yahoo.com,Shift A,MCH-004,L6928
0954f2cf-f2ec-4bab-9523-7654acc9accf,2025-05-10,PLA,Blue,Line 4,1042.88,1.76,Pass,Kristen Cole,300-905-2906x4997,theodore63@yahoo.com,Shift A,MCH-001,L7484
fc0267b7-dbb5-4f57-afe5-189e1a076885,2025-05-10,PLA,Black,Line 2,999.05,0.5,Pass,David Pittman,819-303-1909x4296,saracarroll@mayer.com,Shift B,MCH-001,L9693
e27223a5-59bd-456d-a49b-e05c78ca7404,2025-05-10,ABS,Black,Line 6,999.07,1.57,Fail,Rita Graves,538.709.6430x8749,deleonscott@hatfield-reyes.com,Shift C,MCH-002,L4871
82cf05fa-fb29-4fbd-ac86-ebc81a1061ea,2025-05-10,ABS,Blue,Line 2,1016.14,0.76,Pass,Patrick Meyer,(945)759-0061x325,victoria30@wallace-kennedy.biz,Shift A,MCH-001,L3902
9b774bfc-c03a-420e-96ed-fcd5fe7f477e,2025-05-11,ABS,White,Line 6,1025.97,4.3,Fail,Paul Macdonald,493-813-3210x19538,victormason@cabrera.com,Shift C,MCH-003,L6179
f6da2d6e-ad58-411f-b93e-50d01c229539,2025-05-11,PLA,White,Line 4,994.56,2.6,Pass,Paul Macdonald,493-813-3210x19538,victormason@cabrera.com,Shift A,MCH-003,L1920
7a05ab7a-8489-4244-8825-4a86f107e3cb,2025-05-11,PLA,Black,Line 4,1034.51,1.4,Pass,Sherry Bryant,001-741-699-1830x254,timothy04@knox.net,Shift B,MCH-001,L7041
4c352a79-9ea0-42ee-98bb-4c58a8e42270,2025-05-11,TPU,Red,Line 5,1011.2,2.02,Pass,Jacqueline Bass,001-988-061-3911x7775,haynesdavid@yahoo.com,Shift B,MCH-004,L8581
7139075f-013a-4938-9cd3-851254bf0e84,2025-05-11,TPU,Red,Line 4,1004.88,0.84,Fail,Sherry Bryant,001-741-699-1830x254,timothy04@knox.net,Shift C,MCH-002,L6267
c0523e44-0db6-4f05-adba-5964a666f901,2025-05-11,TPU,Blue,Line 1,1001.23,2.75,Pass,Paul Macdonald,493-813-3210x19538,victormason@cabrera.com,Shift C,MCH-003,L2381
f38be113-229c-4c6b-b92c-cc0b9cb4d103,2025-05-11,PLA,Blue,Line 6,1072.56,3.44,Pass,Patrick Meyer,(945)759-0061x325,victoria30@wallace-kennedy.biz,Shift C,MCH-004,L9586
fbd3fe54-a615-43bd-a9e5-4aaa96ec1ff7,2025-05-11,ABS,Black,Line 3,1107.66,0.85,Pass,Patrick Meyer,(945)759-0061x325,victoria30@wallace-kennedy.biz,Shift C,MCH-003,L1857
9833faf6-2c00-4cdc-b001-8270e39ef3a0,2025-05-11,PLA,Black,Line 1,1043.62,2.28,Pass,David Pittman,819-303-1909x4296,saracarroll@mayer.com,Shift C,MCH-004,L5655
77124b17-d886-4025-a776-b803dd8a95ca,2025-05-11,ABS,Red,Line 5,1109.49,0.79,Pass,Patrick Meyer,(945)759-0061x325,victoria30@wallace-kennedy.biz,Shift B,MCH-003,L6082
9a1aa914-308b-4970-9383-a9962b797cdf,2025-05-11,PLA,Red,Line 3,958.01,1.1,Pass,Kristen Cole,300-905-2906x4997,theodore63@yahoo.com,Shift C,MCH-003,L3093
8dd7f819-f1cc-4e33-8213-a5638202a003,2025-05-11,PLA,White,Line 5,893.81,1.21,Pass,Sherry Bryant,001-741-699-1830x254,timothy04@knox.net,Shift C,MCH-003,L6060
fc3aae2e-a646-4bf3-91c6-9083f3432a7c,2025-05-11,ABS,White,Line 2,962.04,2.23,Pass,Rita Graves,538.709.6430x8749,deleonscott@hatfield-reyes.com,Shift A,MCH-002,L3538
4b938c9f-b88b-4e7c-aa16-b0aa1460a982,2025-05-11,PLA,Red,Line 6,1017.09,4.81,Pass,Mary Anderson,247-382-6261x52923,jesse59@stewart-johnson.info,Shift A,MCH-002,L7172
5ac1cdbe-21ed-46b7-89ae-ae79c1582374,2025-05-11,PLA,Blue,Line 6,1047.52,1.13,Pass,Patrick Meyer,(945)759-0061x325,victoria30@wallace-kennedy.biz,Shift A,MCH-004,L6968
33c1b4d1-85ab-414e-92bd-4c3dacd8d774,2025-05-11,ABS,Black,Line 6,955.08,2.74,Pass,Rita Graves,538.709.6430x8749,deleonscott@hatfield-reyes.com,Shift C,MCH-002,L9749
66587778-2e92-424a-8c16-34ddfae51a81,2025-05-11,ABS,Blue,Line 3,933.99,4.75,Pass,Mary Anderson,247-382-6261x52923,jesse59@stewart-johnson.info,Shift A,MCH-004,L8564
c7d48dd8-1ad2-4e44-adfd-f1f3613d06f1,2025-05-11,TPU,White,Line 2,1058.97,1.3,Pass,Kristen Cole,300-905-2906x4997,theodore63@yahoo.com,Shift B,MCH-002,L5096
197579b4-8462-4b72-940a-2635ac9c60e5,2025-05-12,ABS,Red,Line 6,914.34,4.03,Pass,Paul Macdonald,493-813-3210x19538,victormason@cabrera.com,Shift A,MCH-001,L5670
ab29682b-03ed-47d6-8341-0cf47f49ec16,2025-05-12,ABS,White,Line 5,994.27,3.86,Pass,Patrick Meyer,(945)759-0061x325,victoria30@wallace-kennedy.biz,Shift A,MCH-004,L2502
79fa1d8a-dc7c-4848-ae3c-207423f7a76f,2025-05-12,ABS,Red,Line 4,920.28,1.1,Pass,Paul Macdonald,493-813-3210x19538,victormason@cabrera.com,Shift A,MCH-003,L4862
8c4d220f-346e-4dc7-a266-9b2318adc9c0,2025-05-12,ABS,Blue,Line 1,1000.26,2.07,Pass,Jacqueline Bass,001-988-061-3911x7775,haynesdavid@yahoo.com,Shift B,MCH-001,L6493
f248b426-b9ec-4ede-9228-0cb70796c2ad,2025-05-12,PLA,Black,Line 4,977.5,2.93,Pass,Patrick Meyer,(945)759-0061x325,victoria30@wallace-kennedy.biz,Shift A,MCH-002,L8685
2b2aa4ec-a5f9-499f-9727-60e91e6a56b1,2025-05-12,PLA,Red,Line 3,946.62,1.79,Pass,Amanda Anderson,406-315-7403x927,justin01@yahoo.com,Shift B,MCH-002,L9991
bd764b98-3af5-4df5-8806-739b50ffebcb,2025-05-12,ABS,Red,Line 3,1006.01,2.77,Pass,Sherry Bryant,001-741-699-1830x254,timothy04@knox.net,Shift C,MCH-001,L1782
ae7f711f-1653-4024-961a-9424cc5247a8,2025-05-12,TPU,White,Line 1,1035.58,0.31,Pass,Kristen Cole,300-905-2906x4997,theodore63@yahoo.com,Shift A,MCH-004,L9782
b805236f-1dae-4e88-97f3-4cb33db42977,2025-05-12,TPU,Blue,Line 6,923.29,3.92,Pass,Sherry Bryant,001-741-699-1830x254,timothy04@knox.net,Shift A,MCH-004,L1025
d72c9a8f-15e9-415d-bf00-bd4b8bace828,2025-05-12,PLA,White,Line 2,1016.62,0.88,Pass,David Pittman,819-303-1909x4296,saracarroll@mayer.com,Shift C,MCH-001,L9576
9dbe8abf-1224-4583-bff5-bc94026df8fe,2025-05-12,TPU,Red,Line 4,1077.56,2.17,Pass,Jacqueline Bass,001-988-061-3911x7775,haynesdavid@yahoo.com,Shift B,MCH-001,L7338
bd989559-7691-4fa5-b509-508b4ebca062,2025-05-12,TPU,Red,Line 3,1058.96,2.1,Pass,Mary Anderson,247-382-6261x52923,jesse59@stewart-johnson.info,Shift B,MCH-003,L4950
900eceed-aff2-42c3-83c8-8b7377da8dce,2025-05-12,TPU,Black,Line 2,1103.04,4.63,Pass,Jacqueline Bass,001-988-061-3911x7775,haynesdavid@yahoo.com,Shift C,MCH-003,L3868
9c8ec809-f89d-469a-be51-ee2093779dc2,2025-05-12,TPU,White,Line 6,987.55,3.46,Pass,Paul Macdonald,493-813-3210x19538,victormason@cabrera.com,Shift C,MCH-002,L2033
d682f6a8-a5cd-44bb-ab9e-24fd0c94bcff,2025-05-12,PLA,Black,Line 2,1032.27,4.05,Pass,Paul Macdonald,493-813-3210x19538,victormason@cabrera.com,Shift C,MCH-002,L1686
cd92e5b3-961c-42cd-84b3-7f7aaf5c3b8b,2025-05-12,TPU,White,Line 5,951.75,3.03,Pass,Mary Anderson,247-382-6261x52923,jesse59@stewart-johnson.info,Shift B,MCH-001,L4131
260e89b1-a949-4a65-bbe4-15827886c945,2025-05-12,PLA,Black,Line 3,1052.92,0.64,Pass,David Pittman,819-303-1909x4296,saracarroll@mayer.com,Shift B,MCH-003,L8159
9b7276da-8e74-439f-8a48-b5967de275e1,2025-05-12,ABS,Black,Line 2,940.84,1.06,Pass,Paul Macdonald,493-813-3210x19538,victormason@cabrera.com,Shift B,MCH-004,L7018
35f5a9b0-896f-44ca-a827-cc455f173bc0,2025-05-13,PLA,White,Line 1,986.53,3.08,Pass,Mary Anderson,247-382-6261x52923,jesse59@stewart-johnson.info,Shift C,MCH-002,L9937
1367a01f-d2db-4a8c-89e2-32191bf0bc14,2025-05-13,PLA,Red,Line 3,1075.12,2.11,Pass,David Pittman,819-303-1909x4296,saracarroll@mayer.com,Shift B,MCH-003,L8305
3bedd37c-3d30-4f2e-8340-7acf69b5ced7,2025-05-13,PLA,White,Line 3,1081.43,0.07,Pass,Kristen Cole,300-905-2906x4997,theodore63@yahoo.com,Shift C,MCH-003,L8126
a72044fb-d47e-40e7-acba-f350be8e134d,2025-05-13,PLA,White,Line 3,914.83,1.92,Pass,Amanda Anderson,406-315-7403x927,justin01@yahoo.com,Shift B,MCH-002,L1510
fa999136-7e63-47f0-91d3-a138c621d1b3,2025-05-13,PLA,Blue,Line 1,1019.2,1.95,Pass,Paul Macdonald,493-813-3210x19538,victormason@cabrera.com,Shift A,MCH-003,L6933
ab57560b-ee4a-4db9-b95f-a34a2c741dec,2025-05-13,TPU,Blue,Line 6,896.63,1.87,Pass,Amanda Anderson,406-315-7403x927,justin01@yahoo.com,Shift B,MCH-003,L7095
ac8234d4-f75d-4a07-885d-ca0dd9a0080c,2025-05-13,TPU,Blue,Line 5,934.78,3.0,Pass,Jacqueline Bass,001-988-061-3911x7775,haynesdavid@yahoo.com,Shift B,MCH-003,L5566
5648a253-fdde-4a22-aab8-f2cecaf0640b,2025-05-13,PLA,Blue,Line 4,1018.33,0.59,Pass,Jacqueline Bass,001-988-061-3911x7775,haynesdavid@yahoo.com,Shift A,MCH-001,L5288
5e72e221-60b0-4115-8630-161f2531a5db,2025-05-13,PLA,Black,Line 6,974.31,0.41,Fail,Paul Macdonald,493-813-3210x19538,victormason@cabrera.com,Shift B,MCH-004,L4279
01ddc2d8-41a5-41ef-bb12-55d57ba26e23,2025-05-13,PLA,White,Line 2,996.87,3.43,Pass,Patrick Meyer,(945)759-0061x325,victoria30@wallace-kennedy.biz,Shift A,MCH-004,L2438
c4b7aea8-65a8-4956-8cc4-47840fc5b8e0,2025-05-13,TPU,Black,Line 6,950.71,2.76,Pass,David Pittman,819-303-1909x4296,saracarroll@mayer.com,Shift C,MCH-003,L5914
8fab2fa1-c963-43f2-ae72-d44a6e837b11,2025-05-13,ABS,Blue,Line 1,973.49,0.81,Fail,Patrick Meyer,(945)759-0061x325,victoria30@wallace-kennedy.biz,Shift A,MCH-002,L4878
e9ca7e02-5f9d-4949-bda9-4b756e33c976,2025-05-13,ABS,Black,Line 4,994.65,0.45,Pass,Amanda Anderson,406-315-7403x927,justin01@yahoo.com,Shift B,MCH-002,L2412
8d8acebe-167b-46f6-bc82-cf9728092df7,2025-05-13,ABS,White,Line 5,972.32,0.2,Pass,Mary Anderson,247-382-6261x52923,jesse59@stewart-johnson.info,Shift A,MCH-004,L2208
81c074a9-4f4c-4cdf-88d8-b1ff6089c890,2025-05-13,TPU,Red,Line 4,1098.24,2.05,Pass,David Pittman,819-303-1909x4296,saracarroll@mayer.com,Shift A,MCH-003,L3102
81645920-2910-4c1a-b59a-f086f015f5b2,2025-05-13,PLA,White,Line 5,965.01,2.32,Fail,Patrick Meyer,(945)759-0061x325,victoria30@wallace-kennedy.biz,Shift C,MCH-001,L3034
4e120535-9767-4142-b781-532ba8aa0a5c,2025-05-13,ABS,Blue,Line 2,994.38,1.67,Pass,Patrick Meyer,(945)759-0061x325,victoria30@wallace-kennedy.biz,Shift C,MCH-002,L6669
539159eb-54d7-48b8-aa44-a751b5d6d2e9,2025-05-13,PLA,Black,Line 2,1030.71,3.14,Pass,Mary Anderson,247-382-6261x52923,jesse59@stewart-johnson.info,Shift C,MCH-003,L3050
945fcff2-16fa-4568-8798-375a6e9d5e5a,2025-05-14,TPU,Red,Line 5,973.47,1.14,Pass,Mary Anderson,247-382-6261x52923,jesse59@stewart-johnson.info,Shift C,MCH-002,L3804
3d831dfb-ae4e-40b1-baa3-440616fb53c5,2025-05-14,TPU,Red,Line 1,986.25,1.45,Pass,David Pittman,819-303-1909x4296,saracarroll@mayer.com,Shift C,MCH-003,L4453
f7aec387-5956-4a69-96c6-094f1cf058c8,2025-05-14,TPU,Red,Line 4,924.24,4.05,Pass,Kristen Cole,300-905-2906x4997,theodore63@yahoo.com,Shift C,MCH-003,L5949
bf308fd6-a14a-4cf3-bee1-2edec814e176,2025-05-14,TPU,White,Line 3,1082.25,1.63,Pass,Rita Graves,538.709.6430x8749,deleonscott@hatfield-reyes.com,Shift B,MCH-001,L3589
872d3cc9-da28-4fce-ad0a-ecf3d9dc6032,2025-05-14,ABS,White,Line 2,1028.83,2.47,Pass,Kristen Cole,300-905-2906x4997,theodore63@yahoo.com,Shift B,MCH-002,L6121
e06eb0c7-808b-4d77-8ce4-f38ccf0d6747,2025-05-14,TPU,Black,Line 4,1153.94,3.68,Pass,David Pittman,819-303-1909x4296,saracarroll@mayer.com,Shift C,MCH-003,L9437
a3a213b3-21a8-4835-82cb-fea2e5795d79,2025-05-14,ABS,Blue,Line 4,993.6,0.57,Pass,Jacqueline Bass,001-988-061-3911x7775,haynesdavid@yahoo.com,Shift C,MCH-004,L5061
d14b12a1-de77-49d9-bd3d-85e1eb703fb4,2025-05-14,PLA,Black,Line 4,919.68,2.31,Pass,Jacqueline Bass,001-988-061-3911x7775,haynesdavid@yahoo.com,Shift A,MCH-004,L5067
5d37056d-e6c8-4771-9d5b-b63b07522520,2025-05-14,TPU,Black,Line 2,962.18,0.13,Pass,David Pittman,819-303-1909x4296,saracarroll@mayer.com,Shift A,MCH-004,L9433
12b7a0f2-e6a4-42e6-9390-191dea6c1328,2025-05-14,ABS,White,Line 1,967.67,0.38,Pass,Paul Macdonald,493-813-3210x19538,victormason@cabrera.com,Shift B,MCH-004,L9281
68138d9e-76f3-47b7-b3fe-83b418eed276,2025-05-14,PLA,Black,Line 1,1084.36,3.32,Pass,Rita Graves,538.709.6430x8749,deleonscott@hatfield-reyes.com,Shift B,MCH-004,L8710
98010a17-a8cf-4c5e-b68f-a53445af92b6,2025-05-14,PLA,Red,Line 4,999.6,4.22,Pass,Sherry Bryant,001-741-699-1830x254,timothy04@knox.net,Shift B,MCH-003,L6992
086f7c4c-9a38-47b6-8906-419c965580c3,2025-05-14,PLA,White,Line 1,1003.87,0.71,Pass,David Pittman,819-303-1909x4296,saracarroll@mayer.com,Shift B,MCH-002,L6939
64826ea2-1bc8-4e91-841b-f9c9d7c770e0,2025-05-14,PLA,White,Line 5,1076.16,2.81,Pass,Mary Anderson,247-382-6261x52923,jesse59@stewart-johnson.info,Shift C,MCH-003,L2946
2b83ad13-01a2-447a-9695-d686a929e4e7,2025-05-14,ABS,Black,Line 3,948.14,1.71,Pass,Jacqueline Bass,001-988-061-3911x7775,haynesdavid@yahoo.com,Shift A,MCH-003,L3363
2b9bb088-5ffe-418f-abbd-dcf849d3c21a,2025-05-14,ABS,Red,Line 1,956.22,0.07,Pass,Sherry Bryant,001-741-699-1830x254,timothy04@knox.net,Shift A,MCH-003,L8761
a46f31c9-9985-4c83-87d4-c3de468f8839,2025-05-14,PLA,Blue,Line 3,1046.31,4.86,Fail,Paul Macdonald,493-813-3210x19538,victormason@cabrera.com,Shift C,MCH-003,L3662
989a1d34-8be2-4b06-b067-ebe5d19a3e8a,2025-05-14,TPU,Black,Line 5,930.07,2.84,Pass,Mary Anderson,247-382-6261x52923,jesse59@stewart-johnson.info,Shift B,MCH-004,L5911
7f78e440-b3e2-45f1-90bb-9b296a6d001a,2025-05-15,ABS,Black,Line 6,967.47,1.27,Pass,Amanda Anderson,406-315-7403x927,justin01@yahoo.com,Shift B,MCH-004,L6040
f847d435-f732-4247-89f9-9375a4a41571,2025-05-15,TPU,White,Line 3,970.38,0.7,Fail,Amanda Anderson,406-315-7403x927,justin01@yahoo.com,Shift C,MCH-002,L1841
a23ef9c8-2470-45d4-a0a7-2f6eeb20fbf2,2025-05-15,PLA,White,Line 2,1002.43,0.75,Pass,Paul Macdonald,493-813-3210x19538,victormason@cabrera.com,Shift C,MCH-002,L1517
45341b7d-3b7d-4d42-8e26-e3d92a2111db,2025-05-15,PLA,Red,Line 4,1013.52,1.92,Pass,Jacqueline Bass,001-988-061-3911x7775,haynesdavid@yahoo.com,Shift C,MCH-002,L7765
90004ae9-1da9-4b96-9148-8254bb56bea4,2025-05-15,ABS,White,Line 6,988.05,0.64,Pass,Rita Graves,538.709.6430x8749,deleonscott@hatfield-reyes.com,Shift C,MCH-002,L9498
2f34503e-5011-463e-8699-e1528cf54e3e,2025-05-15,ABS,White,Line 5,971.16,3.13,Pass,Sherry Bryant,001-741-699-1830x254,timothy04@knox.net,Shift A,MCH-002,L8531
be66ee03-324b-4a71-a17a-1518bf3e970b,2025-05-15,TPU,Black,Line 6,1025.05,0.53,Pass,David Pittman,819-303-1909x4296,saracarroll@mayer.com,Shift C,MCH-003,L8932
d903e3fe-d475-440b-9285-29369d6c04f9,2025-05-15,ABS,Black,Line 2,1004.97,3.13,Fail,Rita Graves,538.709.6430x8749,deleonscott@hatfield-reyes.com,Shift A,MCH-003,L5735
b9f49447-2ed6-4a00-88aa-a79ad973d93f,2025-05-15,TPU,White,Line 3,916.53,2.82,Pass,Rita Graves,538.709.6430x8749,deleonscott@hatfield-reyes.com,Shift C,MCH-003,L5715
70db499e-df63-4383-9bef-695c54e3ead9,2025-05-15,ABS,White,Line 3,966.87,2.86,Fail,Sherry Bryant,001-741-699-1830x254,timothy04@knox.net,Shift A,MCH-002,L5758
e835644c-a498-4287-a0d7-810c7cfaff18,2025-05-15,TPU,Red,Line 3,961.84,0.71,Fail,Mary Anderson,247-382-6261x52923,jesse59@stewart-johnson.info,Shift A,MCH-003,L8849
fe5468cf-16e5-4093-860e-dfd36c36a1a4,2025-05-15,TPU,Black,Line 5,918.62,2.07,Pass,Rita Graves,538.709.6430x8749,deleonscott@hatfield-reyes.com,Shift A,MCH-002,L2789
04e8e014-319e-473a-9871-a26819cc9198,2025-05-15,PLA,Red,Line 6,1012.99,0.64,Fail,Rita Graves,538.709.6430x8749,deleonscott@hatfield-reyes.com,Shift C,MCH-002,L4814
ee615c58-3a70-4665-8804-a8fd89191003,2025-05-15,ABS,Black,Line 6,1031.93,0.49,Pass,Jacqueline Bass,001-988-061-3911x7775,haynesdavid@yahoo.com,Shift A,MCH-002,L1084
6ede0c92-d17e-4877-9098-c607838398ac,2025-05-15,ABS,White,Line 4,996.7,0.18,Pass,Patrick Meyer,(945)759-0061x325,victoria30@wallace-kennedy.biz,Shift C,MCH-003,L6262
d06cd6c3-94b5-4839-8b18-d870b7b59c17,2025-05-15,PLA,Blue,Line 5,967.41,2.07,Pass,Amanda Anderson,406-315-7403x927,justin01@yahoo.com,Shift B,MCH-001,L3868
e1afa87e-a294-463e-86ed-7c8fbc2a1bf9,2025-05-15,PLA,White,Line 4,956.98,1.42,Pass,Patrick Meyer,(945)759-0061x325,victoria30@wallace-kennedy.biz,Shift B,MCH-003,L1613
39c90546-9523-4e4b-acbf-40ca05f0e8e6,2025-05-15,TPU,Red,Line 3,1050.31,1.13,Pass,Mary Anderson,247-382-6261x52923,jesse59@stewart-johnson.info,Shift A,MCH-004,L3198
32d0a7a7-ae38-46af-b2c1-5627a336e9d0,2025-05-16,ABS,Blue,Line 1,1041.78,0.31,Pass,Paul Macdonald,493-813-3210x19538,victormason@cabrera.com,Shift C,MCH-004,L5215
0cb11849-98ff-416c-829e-2f98b4523b71,2025-05-16,PLA,Black,Line 3,1026.49,4.16,Pass,Patrick Meyer,(945)759-0061x325,victoria30@wallace-kennedy.biz,Shift C,MCH-002,L3875
4314cc72-6821-404b-8519-b146b61284ab,2025-05-16,ABS,Black,Line 1,876.42,0.8,Pass,Kristen Cole,300-905-2906x4997,theodore63@yahoo.com,Shift C,MCH-001,L4027
42afffb4-9830-49f5-908e-8b36d89d7ddf,2025-05-16,ABS,Blue,Line 1,1028.85,1.7,Pass,Paul Macdonald,493-813-3210x19538,victormason@cabrera.com,Shift A,MCH-002,L8319
a54022e4-020e-4b83-8fbc-5b8f8155a212,2025-05-16,ABS,Red,Line 3,1018.56,1.09,Pass,David Pittman,819-303-1909x4296,saracarroll@mayer.com,Shift B,MCH-002,L2017
10fe8105-b276-4e2b-9f47-61af673aa2cd,2025-05-16,ABS,Black,Line 2,1004.33,1.77,Pass,Jacqueline Bass,001-988-061-3911x7775,haynesdavid@yahoo.com,Shift C,MCH-003,L2923
bc82adda-893e-45d1-9f5c-6fa7aafe03b6,2025-05-16,ABS,Blue,Line 2,1058.39,2.38,Fail,Mary Anderson,247-382-6261x52923,jesse59@stewart-johnson.info,Shift C,MCH-004,L3509
54d9db92-2d11-472f-9be7-0fa36487da0f,2025-05-16,ABS,White,Line 5,1016.88,1.38,Pass,David Pittman,819-303-1909x4296,saracarroll@mayer.com,Shift B,MCH-002,L5054
09a60158-c6e8-43a2-a77e-42e57e64eb57,2025-05-16,TPU,White,Line 5,975.62,1.35,Pass,Jacqueline Bass,001-988-061-3911x7775,haynesdavid@yahoo.com,Shift C,MCH-001,L2838
01c8a9fa-cde7-44dc-a689-357b40e1f04b,2025-05-16,TPU,Blue,Line 5,1019.72,1.37,Pass,Sherry Bryant,001-741-699-1830x254,timothy04@knox.net,Shift A,MCH-002,L6375
1d865942-43b6-426c-8c43-cfe4f37e8ea9,2025-05-16,PLA,Blue,Line 6,1014.49,5.11,Pass,Paul Macdonald,493-813-3210x19538,victormason@cabrera.com,Shift C,MCH-001,L9361
8f95fd34-24eb-416c-8a91-3240d8252337,2025-05-16,ABS,Blue,Line 5,1043.56,1.51,Pass,Amanda Anderson,406-315-7403x927,justin01@yahoo.com,Shift B,MCH-001,L8575
3198b14c-e59a-41a7-a244-89304afcab03,2025-05-16,TPU,Red,Line 4,1060.06,1.39,Pass,Mary Anderson,247-382-6261x52923,jesse59@stewart-johnson.info,Shift C,MCH-001,L4570
8d06a663-f749-442f-b4b7-5e34977d7572,2025-05-16,PLA,White,Line 3,898.09,0.49,Pass,Jacqueline Bass,001-988-061-3911x7775,haynesdavid@yahoo.com,Shift C,MCH-001,L2130
ce7774c1-0fd8-4e4c-9fdb-9af22a978347,2025-05-16,ABS,White,Line 2,906.46,1.47,Pass,Amanda Anderson,406-315-7403x927,justin01@yahoo.com,Shift B,MCH-004,L7135
c8c1730e-7b00-4446-a74e-c03f0759ebd0,2025-05-16,ABS,White,Line 1,1000.92,4.51,Pass,Paul Macdonald,493-813-3210x19538,victormason@cabrera.com,Shift B,MCH-002,L6697
6778cabe-7762-4acc-8fbe-75c292ad32e9,2025-05-16,TPU,White,Line 5,1016.35,1.67,Pass,Patrick Meyer,(945)759-0061x325,victoria30@wallace-kennedy.biz,Shift A,MCH-002,L1056
e9651de0-f1d1-4df6-bc83-bbe8e587353a,2025-05-16,ABS,White,Line 5,1041.47,1.32,Pass,Mary Anderson,247-382-6261x52923,jesse59@stewart-johnson.info,Shift A,MCH-002,L5055
b849988c-f997-4bc0-a2dd-f7196cf20944,2025-05-17,PLA,Black,Line 2,1011.78,3.16,Fail,David Pittman,819-303-1909x4296,saracarroll@mayer.com,Shift B,MCH-001,L1527
c3e0ad02-4f7d-4cfe-a057-086bc1d584a2,2025-05-17,TPU,Red,Line 2,926.07,3.72,Pass,Kristen Cole,300-905-2906x4997,theodore63@yahoo.com,Shift C,MCH-001,L1550
4bfdb214-e043-4549-9979-56a1446c485f,2025-05-17,PLA,Red,Line 4,1016.92,1.38,Pass,Amanda Anderson,406-315-7403x927,justin01@yahoo.com,Shift B,MCH-002,L1924
87262d2b-e283-4fe8-bbc6-08f806e79add,2025-05-17,ABS,Blue,Line 6,1031.64,5.41,Pass,Sherry Bryant,001-741-699-1830x254,timothy04@knox.net,Shift A,MCH-003,L4881
52f13652-2632-457a-8462-9f77ca2656e2,2025-05-17,TPU,Blue,Line 4,1009.09,2.37,Pass,Patrick Meyer,(945)759-0061x325,victoria30@wallace-kennedy.biz,Shift B,MCH-001,L3869
0e8378af-0664-4a2c-b333-4a5d7c83264f,2025-05-17,TPU,White,Line 1,977.03,0.73,Fail,Kristen Cole,300-905-2906x4997,theodore63@yahoo.com,Shift C,MCH-004,L9592
555df626-3d4d-496b-9d98-2e148af6de09,2025-05-17,ABS,Blue,Line 3,1041.52,0.72,Pass,Kristen Cole,300-905-2906x4997,theodore63@yahoo.com,Shift B,MCH-004,L4948
066dc422-2d48-460f-af0b-c520b3e4c872,2025-05-17,TPU,Blue,Line 4,1003.58,1.28,Fail,Mary Anderson,247-382-6261x52923,jesse59@stewart-johnson.info,Shift A,MCH-004,L7824
c1259f6d-e5af-4f03-83af-65eab96152e7,2025-05-17,PLA,White,Line 2,1023.95,2.5,Pass,Sherry Bryant,001-741-699-1830x254,timothy04@knox.net,Shift C,MCH-003,L2295
d005bb2d-4476-4397-a1b3-818b2cb78dea,2025-05-17,PLA,Blue,Line 1,1051.88,1.23,Pass,David Pittman,819-303-1909x4296,saracarroll@mayer.com,Shift B,MCH-001,L2192
1961a898-7ff4-433b-b190-e1a479b3ac0e,2025-05-17,PLA,White,Line 2,986.51,0.53,Pass,Sherry Bryant,001-741-699-1830x254,timothy04@knox.net,Shift A,MCH-003,L5967
b42f4f00-c2a4-4e07-bf0e-a8ebb2ea63fc,2025-05-17,PLA,Red,Line 6,977.79,2.57,Fail,Rita Graves,538.709.6430x8749,deleonscott@hatfield-reyes.com,Shift A,MCH-004,L4974
03f53b69-1139-4432-b487-9600f94a68dd,2025-05-17,ABS,Blue,Line 5,1037.85,0.62,Pass,Rita Graves,538.709.6430x8749,deleonscott@hatfield-reyes.com,Shift C,MCH-003,L7236
deed26b4-100b-4956-8943-e98474ab25b9,2025-05-17,TPU,Black,Line 3,1043.48,4.03,Pass,Sherry Bryant,001-741-699-1830x254,timothy04@knox.net,Shift B,MCH-004,L8635
f4894d0a-6ed3-40ba-bc44-a0c9f2296a16,2025-05-17,ABS,Blue,Line 3,1020.67,4.82,Pass,Paul Macdonald,493-813-3210x19538,victormason@cabrera.com,Shift A,MCH-001,L4625
af922242-5fad-4ea1-84f2-e8b3f23fb85c,2025-05-17,PLA,Black,Line 5,961.31,0.13,Fail,Patrick Meyer,(945)759-0061x325,victoria30@wallace-kennedy.biz,Shift C,MCH-004,L5836
dba90199-28f1-4787-998e-06be9b52110a,2025-05-17,ABS,Blue,Line 4,911.06,4.24,Pass,Rita Graves,538.709.6430x8749,deleonscott@hatfield-reyes.com,Shift A,MCH-002,L9180
19078cd9-942e-4a80-8fe4-78d45685a7e0,2025-05-17,ABS,White,Line 6,1032.72,1.92,Pass,David Pittman,819-303-1909x4296,saracarroll@mayer.com,Shift C,MCH-004,L8550
ce3ee4bf-3de0-4fb1-ae58-86dfa59ee3a1,2025-05-18,PLA,Blue,Line 6,1014.0,0.31,Pass,David Pittman,819-303-1909x4296,saracarroll@mayer.com,Shift A,MCH-002,L9882
9a0232f0-163f-46d9-a45e-a1f50a1eb613,2025-05-18,TPU,Red,Line 1,1122.29,2.19,Fail,Amanda Anderson,406-315-7403x927,justin01@yahoo.com,Shift C,MCH-001,L1104
f6827ae3-0952-4b38-bbf6-3ef252952a9a,2025-05-18,TPU,Blue,Line 1,1005.47,3.09,Pass,Patrick Meyer,(945)759-0061x325,victoria30@wallace-kennedy.biz,Shift B,MCH-001,L4583
4303c967-51fa-46e8-9e8e-125062422ce6,2025-05-18,ABS,Red,Line 5,1024.05,2.34,Pass,Paul Macdonald,493-813-3210x19538,victormason@cabrera.com,Shift C,MCH-004,L8993
cbacc2d6-8805-44f4-b5ea-f58bf3ab7f08,2025-05-18,TPU,White,Line 1,960.48,2.71,Pass,Amanda Anderson,406-315-7403x927,justin01@yahoo.com,Shift A,MCH-003,L9777
07a10cb5-065f-4c52-bb64-8821c0aa9e6a,2025-05-18,TPU,White,Line 2,1094.1,4.02,Pass,Amanda Anderson,406-315-7403x927,justin01@yahoo.com,Shift B,MCH-001,L9591
e022f368-608e-4a73-bacc-859eb5b5b376,2025-05-18,PLA,Black,Line 3,1079.66,1.23,Pass,Rita Graves,538.709.6430x8749,deleonscott@hatfield-reyes.com,Shift A,MCH-004,L2294
805043ce-1143-415d-a016-0b5fb9536966,2025-05-18,ABS,Blue,Line 6,950.52,1.81,Pass,Kristen Cole,300-905-2906x4997,theodore63@yahoo.com,Shift B,MCH-001,L1519
44a5ef88-54a6-4dc5-903f-cd786849a400,2025-05-18,ABS,White,Line 5,1002.79,3.64,Pass,Kristen Cole,300-905-2906x4997,theodore63@yahoo.com,Shift A,MCH-001,L3807
37e5c270-8785-4516-bafd-5442ce761f9c,2025-05-18,ABS,Black,Line 5,915.38,4.29,Fail,Paul Macdonald,493-813-3210x19538,victormason@cabrera.com,Shift A,MCH-001,L9653
b11a4167-8895-4737-96aa-a08c86c72cf2,2025-05-18,PLA,White,Line 3,992.1,1.36,Pass,Rita Graves,538.709.6430x8749,deleonscott@hatfield-reyes.com,Shift A,MCH-001,L5593
90294a0a-cc45-40c9-869c-1d610b3537bf,2025-05-18,PLA,Black,Line 1,949.39,0.48,Fail,Amanda Anderson,406-315-7403x927,justin01@yahoo.com,Shift C,MCH-002,L7525
4c7ce519-b55d-4cb1-8ebe-b4850590bfea,2025-05-18,PLA,Blue,Line 5,1041.16,2.11,Pass,Mary Anderson,247-382-6261x52923,jesse59@stewart-johnson.info,Shift A,MCH-004,L9856
d92389b2-9dd9-4be6-b2e0-40c895119296,2025-05-18,TPU,Blue,Line 6,935.5,0.06,Pass,Kristen Cole,300-905-2906x4997,theodore63@yahoo.com,Shift B,MCH-003,L1879
ea71a471-0122-4734-b0ce-f1b9e51dbcd0,2025-05-18,PLA,Red,Line 3,983.21,4.5,Pass,Kristen Cole,300-905-2906x4997,theodore63@yahoo.com,Shift A,MCH-004,L6347
bc3d63cf-8f58-4a2a-a3a4-796658cc4df8,2025-05-18,ABS,White,Line 2,987.02,0.25,Pass,Mary Anderson,247-382-6261x52923,jesse59@stewart-johnson.info,Shift A,MCH-004,L8075
60f93fb0-84d1-42f9-b5ab-8ba8ff0902f7,2025-05-18,PLA,Black,Line 2,987.71,1.59,Pass,Kristen Cole,300-905-2906x4997,theodore63@yahoo.com,Shift A,MCH-001,L5390
e8858d3e-4f87-4130-a2c3-381e0cea7298,2025-05-18,TPU,Blue,Line 6,865.16,1.92,Pass,Kristen Cole,300-905-2906x4997,theodore63@yahoo.com,Shift A,MCH-003,L2745
265dbafc-700f-4ba8-994b-80797b30a7b2,2025-05-19,ABS,White,Line 3,988.45,3.04,Pass,Amanda Anderson,406-315-7403x927,justin01@yahoo.com,Shift A,MCH-001,L3170
a6b25979-7426-4c57-bfd3-ed2d4c1a746a,2025-05-19,ABS,White,Line 5,1092.45,3.69,Pass,Patrick Meyer,(945)759-0061x325,victoria30@wallace-kennedy.biz,Shift A,MCH-004,L2692
08198b77-873e-4d20-afad-856902d84a35,2025-05-19,ABS,Red,Line 5,986.56,0.34,Pass,Jacqueline Bass,001-988-061-3911x7775,haynesdavid@yahoo.com,Shift A,MCH-003,L7311
eaff6c55-6e29-452d-a322-0abcb56632c8,2025-05-19,ABS,White,Line 1,1128.67,2.09,Pass,Mary Anderson,247-382-6261x52923,jesse59@stewart-johnson.info,Shift A,MCH-002,L9537
e5377532-eb93-415c-8212-75b52afe91aa,2025-05-19,PLA,Blue,Line 3,1000.7,1.96,Pass,Kristen Cole,300-905-2906x4997,theodore63@yahoo.com,Shift A,MCH-004,L3390
64af02ea-1dcd-4470-b513-08c42fa8efb0,2025-05-19,ABS,Black,Line 4,1009.9,1.78,Pass,Patrick Meyer,(945)759-0061x325,victoria30@wallace-kennedy.biz,Shift A,MCH-001,L6916
3af6c405-c6ec-415c-982e-bfef31094c4a,2025-05-19,TPU,White,Line 5,971.32,1.18,Pass,Rita Graves,538.709.6430x8749,deleonscott@hatfield-reyes.com,Shift B,MCH-004,L2752
a4c4d9c5-b60c-4f09-9f65-4a35696fb6d4,2025-05-19,PLA,White,Line 3,998.36,1.18,Pass,Mary Anderson,247-382-6261x52923,jesse59@stewart-johnson.info,Shift A,MCH-004,L6399
45f95b3c-0810-4bf3-809b-5051284380e0,2025-05-19,ABS,Blue,Line 3,964.36,2.16,Pass,David Pittman,819-303-1909x4296,saracarroll@mayer.com,Shift B,MCH-002,L8848
173dfe7a-3be3-48d0-878a-3621b5ff857c,2025-05-19,ABS,Black,Line 3,987.25,4.26,Pass,Patrick Meyer,(945)759-0061x325,victoria30@wallace-kennedy.biz,Shift B,MCH-004,L4971
803dbef6-ede1-4149-b497-d84f05cb655c,2025-05-19,ABS,White,Line 3,867.45,3.64,Pass,Kristen Cole,300-905-2906x4997,theodore63@yahoo.com,Shift B,MCH-002,L9939
69645e1a-fe51-4e41-bbae-04c15dad1c65,2025-05-19,PLA,White,Line 6,1062.3,1.11,Pass,Sherry Bryant,001-741-699-1830x254,timothy04@knox.net,Shift A,MCH-003,L2133
854c2334-5866-4408-a772-df79428c894d,2025-05-19,PLA,Black,Line 2,982.87,1.44,Pass,Paul Macdonald,493-813-3210x19538,victormason@cabrera.com,Shift B,MCH-002,L7932
876cbba0-6957-481a-a18f-facfa1bc3b5d,2025-05-19,ABS,White,Line 5,929.62,0.83,Pass,Jacqueline Bass,001-988-061-3911x7775,haynesdavid@yahoo.com,Shift B,MCH-004,L9907
f90b66d3-c0d3-48d8-96de-a5d2396f4e71,2025-05-19,TPU,Red,Line 1,944.47,4.63,Pass,David Pittman,819-303-1909x4296,saracarroll@mayer.com,Shift A,MCH-003,L3725
b05f6ce6-0f1a-4a1f-909b-d7c4e951de07,2025-05-19,TPU,White,Line 3,1046.78,3.91,Fail,Amanda Anderson,406-315-7403x927,justin01@yahoo.com,Shift C,MCH-004,L2735
6d28dee4-968c-4949-acac-c6a4f8a068eb,2025-05-19,ABS,Blue,Line 5,1036.08,0.31,Pass,Jacqueline Bass,001-988-061-3911x7775,haynesdavid@yahoo.com,Shift A,MCH-002,L8303
557a8dcf-f1d0-4800-ae2e-f54c5cde93b6,2025-05-19,ABS,Blue,Line 3,973.77,2.73,Fail,Kristen Cole,300-905-2906x4997,theodore63@yahoo.com,Shift B,MCH-004,L2712
8cd83952-a60d-4f4c-90d8-a09f46e0a174,2025-05-20,PLA,Red,Line 6,938.89,3.07,Pass,Kristen Cole,300-905-2906x4997,theodore63@yahoo.com,Shift B,MCH-003,L6620
6aa30290-4819-4936-95d1-163536a73a64,2025-05-20,TPU,White,Line 3,987.98,1.44,Pass,Rita Graves,538.709.6430x8749,deleonscott@hatfield-reyes.com,Shift B,MCH-004,L8412
6530a729-afb2-4ea8-ae53-e9b11f3abd77,2025-05-20,ABS,Red,Line 6,1035.55,2.67,Pass,Jacqueline Bass,001-988-061-3911x7775,haynesdavid@yahoo.com,Shift B,MCH-003,L2791
dc61188f-0f3c-4af8-8465-36be7bb3e42d,2025-05-20,TPU,Blue,Line 5,981.95,3.74,Pass,Patrick Meyer,(945)759-0061x325,victoria30@wallace-kennedy.biz,Shift C,MCH-002,L6422
11a51dac-7b33-407f-b3fc-e5f7fae670b5,2025-05-20,ABS,Blue,Line 4,945.95,2.92,Pass,Kristen Cole,300-905-2906x4997,theodore63@yahoo.com,Shift C,MCH-002,L8080
7af7278f-64ad-4d76-ad02-02706ab1c160,2025-05-20,TPU,Blue,Line 4,1029.66,1.54,Pass,Amanda Anderson,406-315-7403x927,justin01@yahoo.com,Shift B,MCH-004,L1072
b4dfeed8-5b93-4a96-88cf-d983f0f16ccc,2025-05-20,PLA,Black,Line 6,1016.31,0.12,Pass,Rita Graves,538.709.6430x8749,deleonscott@hatfield-reyes.com,Shift C,MCH-001,L2667
90f0890b-b9ce-4f60-a98a-5b3b949adf9e,2025-05-20,ABS,Black,Line 2,1046.2,1.72,Pass,Patrick Meyer,(945)759-0061x325,victoria30@wallace-kennedy.biz,Shift C,MCH-003,L9019
5de0856d-4598-466e-b50e-2dd9eb95f3b4,2025-05-20,TPU,White,Line 5,973.86,3.57,Pass,David Pittman,819-303-1909x4296,saracarroll@mayer.com,Shift C,MCH-001,L6700
2c0da4dd-2b18-48ae-b539-2a643aa09f13,2025-05-20,TPU,Blue,Line 6,964.78,0.11,Pass,Paul Macdonald,493-813-3210x19538,victormason@cabrera.com,Shift B,MCH-003,L2388
dc88e942-5fbd-49e8-9ac2-ce9ac92b5e0d,2025-05-20,ABS,Red,Line 2,922.17,2.91,Pass,Patrick Meyer,(945)759-0061x325,victoria30@wallace-kennedy.biz,Shift C,MCH-002,L7116
5493c682-c163-4d63-89d7-c12cfecd73bd,2025-05-20,TPU,White,Line 4,935.98,4.63,Pass,Patrick Meyer,(945)759-0061x325,victoria30@wallace-kennedy.biz,Shift C,MCH-004,L7931
72162605-6985-42f9-82bd-c7909df41f88,2025-05-20,TPU,Blue,Line 5,895.9,4.54,Pass,Paul Macdonald,493-813-3210x19538,victormason@cabrera.com,Shift A,MCH-003,L3298
b7580490-c0c5-47c1-8c1b-0d16813b5a9c,2025-05-20,ABS,Red,Line 3,1010.55,1.85,Fail,David Pittman,819-303-1909x4296,saracarroll@mayer.com,Shift A,MCH-004,L3236
e6d90545-e26f-466a-b66a-f416a9e13124,2025-05-20,TPU,White,Line 4,972.75,2.6,Pass,Kristen Cole,300-905-2906x4997,theodore63@yahoo.com,Shift A,MCH-004,L8272
0fd00ac3-0f49-4881-95a3-a87acf60ada4,2025-05-20,PLA,Red,Line 2,998.12,3.65,Pass,Patrick Meyer,(945)759-0061x325,victoria30@wallace-kennedy.biz,Shift B,MCH-003,L4683
ded4217c-5a41-4b8c-b94b-275dca40c01a,2025-05-20,PLA,White,Line 5,1005.71,2.23,Pass,Mary Anderson,247-382-6261x52923,jesse59@stewart-johnson.info,Shift C,MCH-004,L9369
d058e776-5668-4e68-8c98-cd51aa4f77db,2025-05-20,ABS,Black,Line 5,981.82,1.91,Pass,Jacqueline Bass,001-988-061-3911x7775,haynesdavid@yahoo.com,Shift A,MCH-001,L8231
26de2937-de07-484c-8048-fdb5308274ab,2025-05-21,ABS,Red,Line 6,1015.39,0.57,Pass,Rita Graves,538.709.6430x8749,deleonscott@hatfield-reyes.com,Shift C,MCH-002,L5877
c2139548-62a3-47d2-975c-b6b474c4c0f4,2025-05-21,ABS,Black,Line 1,932.59,3.11,Pass,Paul Macdonald,493-813-3210x19538,victormason@cabrera.com,Shift A,MCH-001,L4882
948d4f0d-90d9-44d0-948c-53d0fc496c11,2025-05-21,TPU,White,Line 2,1008.54,1.72,Pass,David Pittman,819-303-1909x4296,saracarroll@mayer.com,Shift A,MCH-002,L4390
b394884a-fd1c-4b9c-ad65-5843ae98ef6a,2025-05-21,TPU,Black,Line 5,1000.92,2.52,Pass,David Pittman,819-303-1909x4296,saracarroll@mayer.com,Shift A,MCH-003,L5794
01ca36eb-a04b-4e8a-bf6d-0c88e5942873,2025-05-21,TPU,Red,Line 2,973.01,0.83,Fail,Mary Anderson,247-382-6261x52923,jesse59@stewart-johnson.info,Shift B,MCH-004,L1971
b29c8984-6431-4e90-8495-cc4095d71697,2025-05-21,TPU,Blue,Line 2,1009.79,0.53,Pass,Patrick Meyer,(945)759-0061x325,victoria30@wallace-kennedy.biz,Shift B,MCH-003,L5055
f97011b8-4ecf-46e3-8e63-75187c683f69,2025-05-21,ABS,Blue,Line 5,1020.41,0.55,Pass,Kristen Cole,300-905-2906x4997,theodore63@yahoo.com,Shift C,MCH-004,L7146
37be88c2-4686-4bc0-8feb-7158bcc7721a,2025-05-21,TPU,Red,Line 4,1051.46,2.71,Pass,Jacqueline Bass,001-988-061-3911x7775,haynesdavid@yahoo.com,Shift B,MCH-003,L7046
068957de-5d50-4b8d-8f1c-d5af77f255c0,2025-05-21,ABS,Red,Line 6,1012.8,3.47,Pass,Paul Macdonald,493-813-3210x19538,victormason@cabrera.com,Shift B,MCH-004,L6869
78a16ba8-4a36-4746-83c0-898593d5e03a,2025-05-21,ABS,Blue,Line 4,1083.27,3.52,Pass,Sherry Bryant,001-741-699-1830x254,timothy04@knox.net,Shift A,MCH-004,L5399
8c06ac1f-90bb-4b6d-8baa-ca3cf82da965,2025-05-21,ABS,Blue,Line 5,907.96,0.08,Pass,Mary Anderson,247-382-6261x52923,jesse59@stewart-johnson.info,Shift B,MCH-003,L1793
a966b11a-7152-4e3f-a453-243039ad10d7,2025-05-21,TPU,White,Line 1,968.76,2.04,Pass,Jacqueline Bass,001-988-061-3911x7775,haynesdavid@yahoo.com,Shift A,MCH-002,L8230
b5ba9010-d381-4d06-a439-5fb83a5f864c,2025-05-21,ABS,Blue,Line 6,1025.88,0.91,Fail,Amanda Anderson,406-315-7403x927,justin01@yahoo.com,Shift B,MCH-003,L3604
073c2729-f970-409e-b93e-a8c068c3b766,2025-05-21,TPU,Black,Line 3,1009.34,0.87,Pass,Jacqueline Bass,001-988-061-3911x7775,haynesdavid@yahoo.com,Shift B,MCH-002,L1848
4d2c8a32-3d8c-4e60-9895-ad4c39ecff3b,2025-05-21,TPU,Blue,Line 4,969.42,0.11,Pass,Mary Anderson,247-382-6261x52923,jesse59@stewart-johnson.info,Shift B,MCH-001,L1017
95fa9b38-62a2-44f7-adc6-f46bba833d7c,2025-05-21,PLA,Blue,Line 5,953.84,0.03,Pass,Paul Macdonald,493-813-3210x19538,victormason@cabrera.com,Shift A,MCH-004,L1152
c2947743-9979-4a6c-ae5a-c332f53717d2,2025-05-21,PLA,White,Line 6,951.21,3.58,Pass,David Pittman,819-303-1909x4296,saracarroll@mayer.com,Shift A,MCH-001,L4751
cb88ba52-10a2-4463-add7-5fdc4d41805d,2025-05-21,TPU,Red,Line 1,952.53,5.95,Pass,Jacqueline Bass,001-988-061-3911x7775,haynesdavid@yahoo.com,Shift B,MCH-003,L3246
b69be341-15cb-4b48-9dc2-19648cf49a3f,2025-05-22,TPU,Blue,Line 1,1024.67,2.28,Pass,Patrick Meyer,(945)759-0061x325,victoria30@wallace-kennedy.biz,Shift B,MCH-001,L3688
fbaa498a-914a-4d35-9993-7a43ef52346f,2025-05-22,TPU,Blue,Line 6,957.08,3.05,Pass,David Pittman,819-303-1909x4296,saracarroll@mayer.com,Shift B,MCH-004,L8248
4519809d-06b6-4465-9fc1-6dfd33bf6b48,2025-05-22,PLA,Blue,Line 1,971.22,2.18,Pass,Jacqueline Bass,001-988-061-3911x7775,haynesdavid@yahoo.com,Shift A,MCH-004,L6759
495919bb-487d-4caa-8923-69e99f4cd030,2025-05-22,PLA,Blue,Line 3,1128.0,1.86,Pass,David Pittman,819-303-1909x4296,saracarroll@mayer.com,Shift B,MCH-002,L5668
3d2df9d0-8cf5-4823-9fe7-f3b9d2133c0e,2025-05-22,TPU,Black,Line 2,1057.46,0.95,Pass,Amanda Anderson,406-315-7403x927,justin01@yahoo.com,Shift C,MCH-002,L7418
372412ec-c51e-4ed3-8c57-77af77cc6c53,2025-05-22,PLA,White,Line 4,998.25,4.66,Pass,Amanda Anderson,406-315-7403x927,justin01@yahoo.com,Shift B,MCH-004,L2163
08d7579a-2a11-471f-98b4-965d702464fb,2025-05-22,ABS,Black,Line 2,968.65,4.72,Pass,Amanda Anderson,406-315-7403x927,justin01@yahoo.com,Shift C,MCH-004,L6986
a137dd87-0775-4e4c-a199-f723d08e1c89,2025-05-22,ABS,Red,Line 1,1035.39,1.16,Pass,Patrick Meyer,(945)759-0061x325,victoria30@wallace-kennedy.biz,Shift C,MCH-001,L5295
17cb39a8-47e4-415d-8548-44d7c0e0e155,2025-05-22,PLA,White,Line 5,1031.62,3.46,Pass,Amanda Anderson,406-315-7403x927,justin01@yahoo.com,Shift A,MCH-004,L7939
7fffbecb-a7d5-46f8-9329-3a824f61b4cc,2025-05-22,PLA,Blue,Line 3,1031.09,0.36,Pass,Kristen Cole,300-905-2906x4997,theodore63@yahoo.com,Shift C,MCH-001,L9377
71b85919-1569-42b6-81cc-c13dbc400810,2025-05-22,TPU,Black,Line 4,963.64,1.63,Pass,Patrick Meyer,(945)759-0061x325,victoria30@wallace-kennedy.biz,Shift A,MCH-001,L6081
288c5d9e-dc72-4a19-97e0-4b898f3c8011,2025-05-22,TPU,Blue,Line 1,996.28,2.93,Pass,Kristen Cole,300-905-2906x4997,theodore63@yahoo.com,Shift C,MCH-004,L2900
8372d30f-4d81-44e7-ae53-105701e4ccad,2025-05-22,ABS,Blue,Line 1,1008.89,0.0,Pass,Amanda Anderson,406-315-7403x927,justin01@yahoo.com,Shift B,MCH-002,L1185
9265a824-0b10-41b0-9a3c-61afc92d73f6,2025-05-22,ABS,Black,Line 2,1019.01,2.92,Pass,Paul Macdonald,493-813-3210x19538,victormason@cabrera.com,Shift A,MCH-003,L2934
e37d6101-fb9f-49db-8f75-f9168fadc777,2025-05-22,ABS,Black,Line 5,1027.99,3.62,Pass,David Pittman,819-303-1909x4296,saracarroll@mayer.com,Shift A,MCH-001,L9128
84532844-55b0-4386-bcd4-0a7db0dce6e8,2025-05-22,ABS,Red,Line 4,1041.7,2.69,Pass,Sherry Bryant,001-741-699-1830x254,timothy04@knox.net,Shift B,MCH-002,L7024
65570774-1e27-46ba-83e7-aa5dd19ed953,2025-05-22,PLA,Red,Line 2,996.49,0.49,Pass,Mary Anderson,247-382-6261x52923,jesse59@stewart-johnson.info,Shift A,MCH-001,L1721
d3ac4b6b-3a34-423b-a109-b344db2e0efd,2025-05-22,PLA,White,Line 3,1021.48,2.31,Pass,Rita Graves,538.709.6430x8749,deleonscott@hatfield-reyes.com,Shift A,MCH-002,L3932
0c8fda1d-8150-49c8-ac04-427ebc481ff8,2025-05-23,TPU,White,Line 2,1013.58,0.08,Pass,Sherry Bryant,001-741-699-1830x254,timothy04@knox.net,Shift A,MCH-004,L6241
1bcaad09-bdf6-4023-a73c-cb0785611800,2025-05-23,TPU,Black,Line 1,945.95,3.58,Pass,Jacqueline Bass,001-988-061-3911x7775,haynesdavid@yahoo.com,Shift B,MCH-001,L3938
d9b0deb9-be61-4619-9bc6-5d24b1325b7d,2025-05-23,PLA,White,Line 1,998.02,3.02,Pass,Sherry Bryant,001-741-699-1830x254,timothy04@knox.net,Shift A,MCH-003,L6090
f6795135-79e9-46b8-b624-372199a10534,2025-05-23,TPU,White,Line 1,1001.42,2.04,Pass,Jacqueline Bass,001-988-061-3911x7775,haynesdavid@yahoo.com,Shift B,MCH-003,L5979
05682f4d-91e9-4646-9125-4ff54143f13d,2025-05-23,ABS,Black,Line 5,1046.91,1.23,Fail,Rita Graves,538.709.6430x8749,deleonscott@hatfield-reyes.com,Shift C,MCH-002,L9954
3d63a7fb-626f-4535-b574-2a6f134cf234,2025-05-23,PLA,White,Line 1,1004.81,1.31,Pass,Patrick Meyer,(945)759-0061x325,victoria30@wallace-kennedy.biz,Shift A,MCH-003,L1157
32818464-a006-4834-b31c-816c0c5b581f,2025-05-23,TPU,White,Line 6,978.28,1.54,Pass,Amanda Anderson,406-315-7403x927,justin01@yahoo.com,Shift B,MCH-001,L4361
c0a9d0b9-b393-4b29-8b02-6dcbe5b5e08b,2025-05-23,ABS,White,Line 1,1011.11,1.28,Fail,Rita Graves,538.709.6430x8749,deleonscott@hatfield-reyes.com,Shift C,MCH-002,L5584
677e6dd1-9bfa-40f5-a8b8-00fa25b75445,2025-05-23,PLA,White,Line 6,1062.79,0.66,Pass,Amanda Anderson,406-315-7403x927,justin01@yahoo.com,Shift A,MCH-004,L2391
800372f5-d96e-444a-874f-bfd05ee3df8a,2025-05-23,TPU,Blue,Line 6,990.66,1.34,Pass,Jacqueline Bass,001-988-061-3911x7775,haynesdavid@yahoo.com,Shift C,MCH-001,L2020
9febd2dd-b2ae-4c3c-a97e-5ebdce00330c,2025-05-23,PLA,Black,Line 3,1072.35,2.29,Pass,Patrick Meyer,(945)759-0061x325,victoria30@wallace-kennedy.biz,Shift B,MCH-004,L6345
8bbc3e54-00fc-4e6a-8431-023273b89a8a,2025-05-23,ABS,Blue,Line 1,1051.59,0.23,Fail,Paul Macdonald,493-813-3210x19538,victormason@cabrera.com,Shift B,MCH-002,L2785
e4e08a1a-9769-4702-a4f4-6ad8b297adcc,2025-05-23,PLA,White,Line 4,1013.35,3.33,Pass,Jacqueline Bass,001-988-061-3911x7775,haynesdavid@yahoo.com,Shift A,MCH-001,L9780
3a216e9b-aa18-48f4-ae79-d7d5e74679be,2025-05-23,ABS,Black,Line 4,1004.11,3.6,Pass,Rita Graves,538.709.6430x8749,deleonscott@hatfield-reyes.com,Shift B,MCH-001,L2481
25bac8f2-06f2-4e30-b3e6-faef68cae641,2025-05-23,TPU,Red,Line 2,974.14,4.11,Pass,Mary Anderson,247-382-6261x52923,jesse59@stewart-johnson.info,Shift A,MCH-003,L3430
872c2f61-aa1d-4c56-aea1-12f7b01aa711,2025-05-23,ABS,White,Line 5,1114.94,1.46,Pass,Rita Graves,538.709.6430x8749,deleonscott@hatfield-reyes.com,Shift A,MCH-003,L5262
b9463605-83fd-43c4-8c36-bf834649a048,2025-05-23,ABS,White,Line 5,977.72,4.18,Pass,Amanda Anderson,406-315-7403x927,justin01@yahoo.com,Shift A,MCH-002,L2551
4064e307-a1a2-40eb-993b-8d2281bcd1d0,2025-05-23,PLA,Red,Line 1,1078.98,1.22,Pass,Jacqueline Bass,001-988-061-3911x7775,haynesdavid@yahoo.com,Shift B,MCH-002,L3141
ed86b0ba-662f-44f1-b82b-1ba1f4d5cf04,2025-05-24,ABS,Red,Line 5,978.99,1.58,Pass,Kristen Cole,300-905-2906x4997,theodore63@yahoo.com,Shift A,MCH-001,L1357
5f8b1092-ab07-4e1e-bf89-fabc1ef920f3,2025-05-24,TPU,White,Line 2,932.78,0.62,Pass,Rita Graves,538.709.6430x8749,deleonscott@hatfield-reyes.com,Shift A,MCH-003,L3007
2f69d4e1-d7c4-470c-8c29-582b08c607d7,2025-05-24,PLA,Blue,Line 5,949.79,0.85,Pass,Paul Macdonald,493-813-3210x19538,victormason@cabrera.com,Shift A,MCH-004,L9128
b8d75f2a-6913-4810-b652-24b431440fe5,2025-05-24,TPU,White,Line 2,998.27,2.35,Pass,Kristen Cole,300-905-2906x4997,theodore63@yahoo.com,Shift A,MCH-002,L5505
ed47e80f-2803-40ac-b172-83ffcc16cdf3,2025-05-24,PLA,Red,Line 5,1077.53,0.5,Pass,Paul Macdonald,493-813-3210x19538,victormason@cabrera.com,Shift B,MCH-002,L5835
f2a93e1a-396c-4e11-8944-f5ebddaaf7f8,2025-05-24,TPU,White,Line 1,1049.22,1.68,Pass,Kristen Cole,300-905-2906x4997,theodore63@yahoo.com,Shift B,MCH-004,L3248
9f964bd8-e606-4170-866c-1daecbe76b90,2025-05-24,TPU,Blue,Line 6,997.53,3.01,Fail,Rita Graves,538.709.6430x8749,deleonscott@hatfield-reyes.com,Shift B,MCH-001,L7266
e82a1187-42da-45cf-ab4d-1c776a7851b3,2025-05-24,ABS,White,Line 3,943.86,2.57,Fail,David Pittman,819-303-1909x4296,saracarroll@mayer.com,Shift C,MCH-003,L7363
2f795a99-f262-4b69-891c-1bcfa66e78e7,2025-05-24,PLA,Black,Line 5,1008.32,2.74,Pass,Patrick Meyer,(945)759-0061x325,victoria30@wallace-kennedy.biz,Shift B,MCH-003,L1959
b63e761d-8542-4bd8-8c3d-d09c60a83671,2025-05-24,ABS,Blue,Line 2,1014.46,5.68,Pass,Sherry Bryant,001-741-699-1830x254,timothy04@knox.net,Shift B,MCH-002,L5366
f1d3b14c-be43-42be-ae05-97242c82aa18,2025-05-24,PLA,White,Line 3,968.11,1.2,Fail,Amanda Anderson,406-315-7403x927,justin01@yahoo.com,Shift C,MCH-002,L3885
ce7c27d7-a962-44be-aa03-d318ed6fccc8,2025-05-24,TPU,Black,Line 5,968.84,1.17,Pass,David Pittman,819-303-1909x4296,saracarroll@mayer.com,Shift A,MCH-003,L3328
3a9dabbb-6420-4888-b010-871f2ddf3289,2025-05-24,ABS,Black,Line 2,968.13,3.78,Pass,Rita Graves,538.709.6430x8749,deleonscott@hatfield-reyes.com,Shift C,MCH-001,L1920
cc5f10fc-6345-433d-b920-8662c332ba45,2025-05-24,PLA,White,Line 1,1071.03,1.14,Pass,Rita Graves,538.709.6430x8749,deleonscott@hatfield-reyes.com,Shift A,MCH-002,L3137
7d3f4e68-f02c-419a-9628-ca006affff9b,2025-05-24,ABS,Red,Line 1,958.38,2.71,Pass,Patrick Meyer,(945)759-0061x325,victoria30@wallace-kennedy.biz,Shift B,MCH-002,L2817
b51070f1-ed02-4471-8338-5fdd8cc9474e,2025-05-24,PLA,Black,Line 6,972.39,2.95,Fail,David Pittman,819-303-1909x4296,saracarroll@mayer.com,Shift C,MCH-004,L2655
2783c5e1-4e3c-48fa-b872-30173c6540ef,2025-05-24,ABS,Blue,Line 2,1010.15,0.27,Pass,Mary Anderson,247-382-6261x52923,jesse59@stewart-johnson.info,Shift B,MCH-004,L8982
2ef9b9ef-8928-4067-b57a-b0860f7ceb40,2025-05-24,PLA,Black,Line 2,1077.38,4.69,Pass,David Pittman,819-303-1909x4296,saracarroll@mayer.com,Shift C,MCH-002,L7199
f58dbfeb-a8f8-4ccc-b46f-62424e7eecbd,2025-05-25,PLA,Blue,Line 6,969.36,1.42,Pass,Mary Anderson,247-382-6261x52923,jesse59@stewart-johnson.info,Shift B,MCH-004,L1530
a03af0e4-4764-4d24-8da3-a1afbe670f10,2025-05-25,TPU,Blue,Line 6,1014.29,2.5,Pass,David Pittman,819-303-1909x4296,saracarroll@mayer.com,Shift A,MCH-004,L3304
a8e85fc1-9050-4435-9e45-0f9ff7be385b,2025-05-25,PLA,Black,Line 3,1032.93,5.02,Pass,Jacqueline Bass,001-988-061-3911x7775,haynesdavid@yahoo.com,Shift B,MCH-001,L6500
fd97a12c-66fa-46d4-be36-5e6c003f797e,2025-05-25,ABS,Blue,Line 2,991.15,0.8,Pass,Amanda Anderson,406-315-7403x927,justin01@yahoo.com,Shift B,MCH-003,L5205
39e8aec2-a1ab-48db-a539-d12952a27ebc,2025-05-25,PLA,White,Line 4,931.03,0.9,Pass,Amanda Anderson,406-315-7403x927,justin01@yahoo.com,Shift A,MCH-002,L7783
6db20818-b05a-43ac-8104-c422d62f23bd,2025-05-25,ABS,White,Line 1,998.34,4.69,Pass,Kristen Cole,300-905-2906x4997,theodore63@yahoo.com,Shift B,MCH-002,L3664
35037195-4168-48eb-91a5-13b5459eb71f,2025-05-25,PLA,Black,Line 1,974.12,2.34,Pass,Jacqueline Bass,001-988-061-3911x7775,haynesdavid@yahoo.com,Shift B,MCH-001,L2215
585ddbc6-1846-4a9b-9d7e-d5ff8fa7ef2c,2025-05-25,ABS,Blue,Line 6,999.18,3.78,Pass,Patrick Meyer,(945)759-0061x325,victoria30@wallace-kennedy.biz,Shift B,MCH-001,L6536
7cfb934f-c41d-4dc5-800b-a8821c19f43e,2025-05-25,TPU,Red,Line 4,1126.35,1.2,Fail,Paul Macdonald,493-813-3210x19538,victormason@cabrera.com,Shift C,MCH-002,L8113
d098872d-7775-4024-8cea-92628c0f4bcc,2025-05-25,PLA,Black,Line 2,975.53,3.57,Fail,Amanda Anderson,406-315-7403x927,justin01@yahoo.com,Shift A,MCH-004,L9849
b9f54dfd-c22c-41b8-b6de-f9e5ac500b4e,2025-05-25,ABS,Blue,Line 1,1034.09,4.77,Pass,Mary Anderson,247-382-6261x52923,jesse59@stewart-johnson.info,Shift B,MCH-004,L3516
180b6163-75ca-4bfd-9b74-1638140657a9,2025-05-25,PLA,White,Line 1,1029.2,1.46,Pass,David Pittman,819-303-1909x4296,saracarroll@mayer.com,Shift A,MCH-004,L4271
2370353e-6c8e-44d8-b8a7-aab6a9936f32,2025-05-25,PLA,Blue,Line 6,1029.53,3.66,Pass,Amanda Anderson,406-315-7403x927,justin01@yahoo.com,Shift A,MCH-001,L8758
0111de38-c481-4363-b25a-e9e337bda457,2025-05-25,ABS,White,Line 4,1041.02,2.76,Pass,Mary Anderson,247-382-6261x52923,jesse59@stewart-johnson.info,Shift A,MCH-003,L2493
fe3467eb-73a5-46a8-a27a-fa3eb8be30a8,2025-05-25,ABS,Blue,Line 3,1053.33,3.75,Pass,Sherry Bryant,001-741-699-1830x254,timothy04@knox.net,Shift C,MCH-003,L4056
c069ae1b-1a1b-4ba4-8f58-dff5492802cd,2025-05-25,ABS,White,Line 4,1069.11,2.97,Pass,Amanda Anderson,406-315-7403x927,justin01@yahoo.com,Shift B,MCH-003,L2009
953724a6-f86c-4a51-89de-6af8be61db06,2025-05-25,PLA,Black,Line 5,991.64,2.22,Pass,Jacqueline Bass,001-988-061-3911x7775,haynesdavid@yahoo.com,Shift A,MCH-002,L1999
51b758a1-1ef7-4224-9e8a-8004b2507957,2025-05-25,ABS,White,Line 5,1060.33,0.77,Pass,Sherry Bryant,001-741-699-1830x254,timothy04@knox.net,Shift B,MCH-004,L5896
6aab5052-89d1-46dc-bfb5-635227c1a1c8,2025-05-26,TPU,Red,Line 5,1018.43,1.41,Pass,Kristen Cole,300-905-2906x4997,theodore63@yahoo.com,Shift A,MCH-002,L2970
dde9bcd3-eaea-4f4e-943b-6a9a59a0433d,2025-05-26,PLA,Blue,Line 2,1001.44,3.92,Pass,Patrick Meyer,(945)759-0061x325,victoria30@wallace-kennedy.biz,Shift B,MCH-004,L2283
37daefbf-2382-4cbb-927b-5b1c0fc9a77d,2025-05-26,PLA,Blue,Line 5,1009.55,2.07,Pass,Kristen Cole,300-905-2906x4997,theodore63@yahoo.com,Shift C,MCH-001,L2425
7d50e7bd-bd39-4daf-a3bb-40b79f892ee7,2025-05-26,ABS,Black,Line 3,932.01,3.12,Pass,Sherry Bryant,001-741-699-1830x254,timothy04@knox.net,Shift B,MCH-001,L9561
c79c30f5-2cff-42ed-a2d0-3d4078f6e215,2025-05-26,ABS,Blue,Line 2,1032.27,5.24,Pass,Jacqueline Bass,001-988-061-3911x7775,haynesdavid@yahoo.com,Shift B,MCH-001,L2730
ce6aef08-a3f0-44a5-8440-264642e178f9,2025-05-26,ABS,Black,Line 4,984.61,2.33,Pass,Jacqueline Bass,001-988-061-3911x7775,haynesdavid@yahoo.com,Shift C,MCH-004,L8750
5e6fbb36-2523-4860-b250-c96866d5aecd,2025-05-26,ABS,White,Line 2,1012.47,4.37,Pass,Patrick Meyer,(945)759-0061x325,victoria30@wallace-kennedy.biz,Shift A,MCH-004,L1635
53e2b918-1a4f-41c3-90cc-38ec50942a3a,2025-05-26,TPU,Blue,Line 1,995.24,2.42,Pass,David Pittman,819-303-1909x4296,saracarroll@mayer.com,Shift B,MCH-003,L7102
e888b782-583f-4eb8-a9e5-a3d072d7cd22,2025-05-26,ABS,Black,Line 3,1030.39,2.28,Pass,David Pittman,819-303-1909x4296,saracarroll@mayer.com,Shift A,MCH-001,L4734
cde984f3-92bb-4139-803d-2956efb6ab41,2025-05-26,TPU,White,Line 3,977.68,2.29,Pass,Mary Anderson,247-382-6261x52923,jesse59@stewart-johnson.info,Shift A,MCH-004,L2462
335a6dd7-33be-4e4c-8785-4c3171607e7d,2025-05-26,PLA,White,Line 6,1053.68,0.46,Pass,Paul Macdonald,493-813-3210x19538,victormason@cabrera.com,Shift A,MCH-003,L1920
42e78c68-fc63-4a5a-80a8-446dd6dea6fc,2025-05-26,PLA,Black,Line 6,1006.65,0.95,Pass,Patrick Meyer,(945)759-0061x325,victoria30@wallace-kennedy.biz,Shift C,MCH-002,L9589
6a0db00c-52a8-41c7-be09-40fef2ce791d,2025-05-26,PLA,Blue,Line 2,1059.75,0.28,Pass,Amanda Anderson,406-315-7403x927,justin01@yahoo.com,Shift C,MCH-002,L1541
91a510d2-1c6e-4404-8c64-27a58514fc1f,2025-05-26,ABS,Blue,Line 3,972.05,2.57,Pass,Amanda Anderson,406-315-7403x927,justin01@yahoo.com,Shift B,MCH-004,L9275
2fe45862-b6aa-4739-b6f6-1e5e8f13193d,2025-05-26,TPU,Red,Line 2,1078.28,1.9,Pass,Jacqueline Bass,001-988-061-3911x7775,haynesdavid@yahoo.com,Shift B,MCH-004,L3909
48ec5e6c-de25-44f1-bf41-29c33c5f02cb,2025-05-26,ABS,Black,Line 2,972.24,4.82,Pass,Sherry Bryant,001-741-699-1830x254,timothy04@knox.net,Shift B,MCH-003,L2480
f5a25372-f945-4e55-bd3f-8b07a91a9635,2025-05-26,ABS,Red,Line 2,927.6,1.3,Pass,Amanda Anderson,406-315-7403x927,justin01@yahoo.com,Shift B,MCH-002,L4626
2fbe6b35-8c7d-416d-b34e-a4fd84489078,2025-05-26,TPU,Blue,Line 3,1022.0,1.25,Pass,Rita Graves,538.709.6430x8749,deleonscott@hatfield-reyes.com,Shift C,MCH-001,L1145
80a3aba2-f210-4ad7-87e6-82005663cd58,2025-05-27,TPU,Blue,Line 5,948.94,3.06,Pass,Patrick Meyer,(945)759-0061x325,victoria30@wallace-kennedy.biz,Shift B,MCH-002,L5135
6ef6318b-8a02-4fb9-a6dd-094a5cf1c69f,2025-05-27,TPU,Black,Line 4,1012.19,1.15,Pass,Mary Anderson,247-382-6261x52923,jesse59@stewart-johnson.info,Shift C,MCH-003,L8520
b5e33c40-50bb-4569-827a-fd6babcb08e5,2025-05-27,ABS,Black,Line 6,935.98,3.31,Pass,Rita Graves,538.709.6430x8749,deleonscott@hatfield-reyes.com,Shift B,MCH-004,L2676
5bdf1292-836e-4c84-a090-8ae5526aa90f,2025-05-27,TPU,Black,Line 5,1032.51,1.85,Pass,Sherry Bryant,001-741-699-1830x254,timothy04@knox.net,Shift A,MCH-003,L5890
2e18c859-7e84-4601-8209-9a54723deac2,2025-05-27,ABS,Red,Line 3,1092.33,0.39,Fail,Jacqueline Bass,001-988-061-3911x7775,haynesdavid@yahoo.com,Shift C,MCH-003,L5536
69d76706-42f0-4dce-9ffa-10effd1c5385,2025-05-27,PLA,Blue,Line 5,923.72,0.96,Pass,Mary Anderson,247-382-6261x52923,jesse59@stewart-johnson.info,Shift B,MCH-001,L7620
c855b6c3-6907-4494-9eec-7c9c9bed0cce,2025-05-27,TPU,Blue,Line 6,997.72,2.37,Pass,David Pittman,819-303-1909x4296,saracarroll@mayer.com,Shift C,MCH-004,L5843
da697103-f708-4de1-994e-5bfe8b14af5e,2025-05-27,ABS,White,Line 6,987.94,2.53,Pass,Kristen Cole,300-905-2906x4997,theodore63@yahoo.com,Shift B,MCH-002,L6622
dafb12f2-0b92-4662-8060-8eec9276082b,2025-05-27,TPU,White,Line 6,937.42,4.17,Pass,Rita Graves,538.709.6430x8749,deleonscott@hatfield-reyes.com,Shift C,MCH-003,L3785
b8e396cf-0fa2-49b5-a33a-948897cf68c1,2025-05-27,PLA,Black,Line 1,995.89,3.68,Pass,Sherry Bryant,001-741-699-1830x254,timothy04@knox.net,Shift C,MCH-003,L3999
5ef31691-b727-4403-8914-cad3bbdf06fb,2025-05-27,TPU,Red,Line 2,1017.14,2.69,Pass,David Pittman,819-303-1909x4296,saracarroll@mayer.com,Shift C,MCH-003,L7889
85c8db5f-8dd1-4935-8a0d-605ab7848dbe,2025-05-27,ABS,Black,Line 4,1028.49,2.67,Pass,David Pittman,819-303-1909x4296,saracarroll@mayer.com,Shift B,MCH-004,L1879
bb1ee549-1760-4f3f-91bd-b5f299683e1c,2025-05-27,ABS,Blue,Line 5,1032.14,3.99,Pass,Jacqueline Bass,001-988-061-3911x7775,haynesdavid@yahoo.com,Shift C,MCH-004,L9680
3f71ddce-663f-499d-b6ad-b5aa3aef9a7b,2025-05-27,PLA,Blue,Line 2,1009.83,3.06,Fail,Kristen Cole,300-905-2906x4997,theodore63@yahoo.com,Shift B,MCH-003,L7704
53c26686-a14e-44e3-9bb9-2af6a38726b8,2025-05-27,PLA,Black,Line 6,995.51,4.16,Pass,Paul Macdonald,493-813-3210x19538,victormason@cabrera.com,Shift C,MCH-001,L8988
9e655093-950a-43ab-aad0-e8eea104af60,2025-05-27,ABS,Red,Line 1,966.18,4.7,Pass,Patrick Meyer,(945)759-0061x325,victoria30@wallace-kennedy.biz,Shift B,MCH-002,L3762
2c57889c-6303-40d4-ac1a-c136b43216b7,2025-05-27,ABS,Red,Line 2,997.99,0.15,Pass,Patrick Meyer,(945)759-0061x325,victoria30@wallace-kennedy.biz,Shift C,MCH-004,L7609
8355e4ad-095d-4b99-9782-c130e086c822,2025-05-27,ABS,Red,Line 1,1006.41,0.98,Pass,Paul Macdonald,493-813-3210x19538,victormason@cabrera.com,Shift B,MCH-003,L1230
c319a8b7-437a-417e-bf82-e42bf9b4748c,2025-05-28,PLA,Red,Line 6,1042.03,1.02,Pass,Sherry Bryant,001-741-699-1830x254,timothy04@knox.net,Shift B,MCH-002,L4707
2c54cfbb-a2ec-41c0-b7fd-2a06507c38ab,2025-05-28,ABS,Blue,Line 1,977.69,0.83,Pass,David Pittman,819-303-1909x4296,saracarroll@mayer.com,Shift C,MCH-003,L3736
34e4d393-0757-4625-9ce0-81671765c8b3,2025-05-28,ABS,Black,Line 4,977.38,1.64,Pass,Amanda Anderson,406-315-7403x927,justin01@yahoo.com,Shift A,MCH-003,L8105
8fcc6da4-6c9b-4c7d-820e-402ca14a042a,2025-05-28,ABS,White,Line 3,920.8,3.14,Pass,Patrick Meyer,(945)759-0061x325,victoria30@wallace-kennedy.biz,Shift C,MCH-002,L7609
80b434d7-87bd-4f70-800d-28ef49180ab4,2025-05-28,PLA,Blue,Line 2,1039.29,2.64,Pass,Rita Graves,538.709.6430x8749,deleonscott@hatfield-reyes.com,Shift A,MCH-002,L3017
5e2a5b8c-551a-425c-a3f2-583e9ecfef61,2025-05-28,ABS,Black,Line 5,951.65,1.93,Pass,Amanda Anderson,406-315-7403x927,justin01@yahoo.com,Shift B,MCH-001,L2771
633037c1-6260-4e22-9175-6e7fc381c65a,2025-05-28,PLA,Red,Line 4,999.82,0.26,Pass,Amanda Anderson,406-315-7403x927,justin01@yahoo.com,Shift C,MCH-001,L9966
b0df47dd-19bf-4263-91c1-c4266be0ff80,2025-05-28,TPU,Blue,Line 2,1075.17,3.32,Pass,Paul Macdonald,493-813-3210x19538,victormason@cabrera.com,Shift B,MCH-001,L5933
b7524d45-6c16-4530-b60f-e20697da88e7,2025-05-28,TPU,Black,Line 5,988.95,2.04,Pass,Jacqueline Bass,001-988-061-3911x7775,haynesdavid@yahoo.com,Shift B,MCH-002,L7862
7d8fe807-0807-47a5-8cf4-2e696bbf410b,2025-05-28,TPU,Red,Line 3,1010.42,1.06,Pass,Sherry Bryant,001-741-699-1830x254,timothy04@knox.net,Shift A,MCH-001,L9154
cb6956ab-f117-4f8a-966a-e7e570e414d7,2025-05-28,ABS,Blue,Line 3,987.64,0.98,Pass,Rita Graves,538.709.6430x8749,deleonscott@hatfield-reyes.com,Shift A,MCH-003,L3627
a86e2bb2-91c8-400b-887f-dcaee5502a3e,2025-05-28,ABS,Blue,Line 6,949.92,1.58,Fail,Sherry Bryant,001-741-699-1830x254,timothy04@knox.net,Shift A,MCH-003,L4842
81a2ca94-4dff-4446-b61a-c2d8731112c1,2025-05-28,TPU,Red,Line 1,1089.88,2.96,Pass,Amanda Anderson,406-315-7403x927,justin01@yahoo.com,Shift A,MCH-004,L3443
fd8ae99f-34b5-4bf8-b9b9-0b8cc22e1d39,2025-05-28,PLA,Red,Line 3,971.44,2.86,Pass,Sherry Bryant,001-741-699-1830x254,timothy04@knox.net,Shift A,MCH-004,L5850
6d4f666c-2ba0-4bfb-90aa-0907a4fce988,2025-05-28,PLA,Red,Line 2,1069.97,3.39,Pass,Paul Macdonald,493-813-3210x19538,victormason@cabrera.com,Shift B,MCH-003,L6901
0b5d8d69-662f-4662-896f-74fbcf63881d,2025-05-28,ABS,Red,Line 1,1002.98,1.03,Pass,David Pittman,819-303-1909x4296,saracarroll@mayer.com,Shift C,MCH-001,L1158
a7e5ab98-097f-44c8-9c49-83816696f054,2025-05-28,ABS,Black,Line 4,1034.91,2.59,Fail,Patrick Meyer,(945)759-0061x325,victoria30@wallace-kennedy.biz,Shift A,MCH-003,L2522
2f748f22-bd81-471f-b571-1d3a09e26509,2025-05-28,PLA,Red,Line 4,1044.76,2.95,Pass,David Pittman,819-303-1909x4296,saracarroll@mayer.com,Shift B,MCH-004,L5453
78a2bbea-1840-456f-8483-93f2a726897b,2025-05-29,ABS,Blue,Line 1,1052.48,1.2,Pass,Paul Macdonald,493-813-3210x19538,victormason@cabrera.com,Shift B,MCH-001,L3611
79b4db46-1aaf-4952-8367-38da7e00e6aa,2025-05-29,TPU,White,Line 5,1065.87,2.3,Pass,Kristen Cole,300-905-2906x4997,theodore63@yahoo.com,Shift A,MCH-002,L7221
c9dd9e52-eb7a-4a58-8903-9c5dc86e7c39,2025-05-29,TPU,Blue,Line 4,1103.76,0.97,Fail,Amanda Anderson,406-315-7403x927,justin01@yahoo.com,Shift B,MCH-001,L7738
eefee909-09fa-4ae9-8565-ecc5ae698430,2025-05-29,PLA,Black,Line 6,1086.8,2.3,Pass,Amanda Anderson,406-315-7403x927,justin01@yahoo.com,Shift B,MCH-002,L6542
f7f43ef5-9208-4d52-8567-ca6eb1a8076b,2025-05-29,TPU,Red,Line 4,967.43,1.27,Pass,Sherry Bryant,001-741-699-1830x254,timothy04@knox.net,Shift C,MCH-002,L8895
13540cea-87c5-46a2-8972-2913da3ce4e1,2025-05-29,PLA,Red,Line 1,983.98,2.64,Pass,Kristen Cole,300-905-2906x4997,theodore63@yahoo.com,Shift B,MCH-002,L9283
bf8d5a22-5ee1-4211-82d5-221866171aca,2025-05-29,PLA,Red,Line 4,1026.14,1.14,Pass,Paul Macdonald,493-813-3210x19538,victormason@cabrera.com,Shift B,MCH-003,L5557
ee168b6a-af7b-4fef-a7a1-57c275cc46c6,2025-05-29,PLA,White,Line 4,998.78,5.21,Pass,Sherry Bryant,001-741-699-1830x254,timothy04@knox.net,Shift A,MCH-001,L8521
df42d296-b868-4031-9e61-28f91d61e881,2025-05-29,PLA,White,Line 4,1086.38,2.65,Pass,Paul Macdonald,493-813-3210x19538,victormason@cabrera.com,Shift B,MCH-004,L1291
eefc5c65-d64f-452c-ad4e-6e5b0bf0a840,2025-05-29,ABS,Red,Line 5,1001.9,2.18,Pass,Kristen Cole,300-905-2906x4997,theodore63@yahoo.com,Shift A,MCH-001,L5990
8a6a0da9-883f-4182-8d40-678e2a253e58,2025-05-29,PLA,White,Line 3,1030.68,0.47,Pass,Sherry Bryant,001-741-699-1830x254,timothy04@knox.net,Shift C,MCH-001,L4652
87925884-540b-4c5b-b8d2-d2b3b8c6fd63,2025-05-29,TPU,White,Line 6,987.13,0.5,Pass,David Pittman,819-303-1909x4296,saracarroll@mayer.com,Shift B,MCH-004,L2868
311151c3-953e-4286-a0b4-8655ff42019a,2025-05-29,PLA,Black,Line 3,1019.96,2.97,Pass,Rita Graves,538.709.6430x8749,deleonscott@hatfield-reyes.com,Shift A,MCH-003,L9973
8cb27926-d955-41fb-88a6-fefe915b40f7,2025-05-29,TPU,Red,Line 1,975.84,4.36,Pass,David Pittman,819-303-1909x4296,saracarroll@mayer.com,Shift C,MCH-004,L3301
9014e784-2f65-4ed6-bc56-63a48b9a5118,2025-05-29,PLA,Black,Line 5,938.71,0.2,Pass,Kristen Cole,300-905-2906x4997,theodore63@yahoo.com,Shift C,MCH-001,L7437
569b85f7-e986-4b79-b04a-4fd290705b24,2025-05-29,PLA,Black,Line 1,1011.22,3.57,Pass,Paul Macdonald,493-813-3210x19538,victormason@cabrera.com,Shift A,MCH-001,L3018
2000d388-6073-46e2-87f7-4daea686e874,2025-05-29,TPU,Blue,Line 4,1084.2,1.31,Pass,Paul Macdonald,493-813-3210x19538,victormason@cabrera.com,Shift B,MCH-001,L8091
503f352a-a545-45d2-8710-b0d00e978fb4,2025-05-29,TPU,Blue,Line 6,1053.93,1.94,Pass,Paul Macdonald,493-813-3210x19538,victormason@cabrera.com,Shift C,MCH-002,L2696
2824a566-adf8-4c92-b879-a68766d084e7,2025-05-30,TPU,White,Line 4,991.37,3.33,Fail,David Pittman,819-303-1909x4296,saracarroll@mayer.com,Shift B,MCH-002,L5482
7b2686bd-3053-4c91-929c-f1d38e2a0e13,2025-05-30,ABS,White,Line 2,1032.62,0.36,Pass,David Pittman,819-303-1909x4296,saracarroll@mayer.com,Shift B,MCH-003,L9975
3d47f17f-b1ef-4a9f-a4f3-39622ef8c0a4,2025-05-30,TPU,Blue,Line 2,1073.83,4.07,Pass,Sherry Bryant,001-741-699-1830x254,timothy04@knox.net,Shift B,MCH-003,L6657
4a8e5137-e84c-4e10-a1cb-f404a7a65ea3,2025-05-30,TPU,Blue,Line 5,968.72,2.59,Pass,Patrick Meyer,(945)759-0061x325,victoria30@wallace-kennedy.biz,Shift C,MCH-003,L2890
e22ab8c3-3585-4011-a185-823980c76927,2025-05-30,ABS,White,Line 6,1024.7,2.39,Pass,Sherry Bryant,001-741-699-1830x254,timothy04@knox.net,Shift B,MCH-003,L7920
06836c98-a13d-415f-b7c2-c54209d01813,2025-05-30,PLA,Red,Line 4,972.48,0.99,Pass,Sherry Bryant,001-741-699-1830x254,timothy04@knox.net,Shift A,MCH-001,L4275
b1bb5908-1b7a-44cd-83e5-99d52e76f2ce,2025-05-30,ABS,Black,Line 2,998.72,3.76,Pass,Patrick Meyer,(945)759-0061x325,victoria30@wallace-kennedy.biz,Shift B,MCH-003,L4342
7e458eba-0668-4dff-b1f1-f774c057f844,2025-05-30,ABS,White,Line 1,1027.18,1.44,Pass,Amanda Anderson,406-315-7403x927,justin01@yahoo.com,Shift C,MCH-002,L7371
c18e33f1-2277-4512-91c1-5c0a9e82a545,2025-05-30,TPU,Black,Line 6,1038.58,2.27,Pass,Sherry Bryant,001-741-699-1830x254,timothy04@knox.net,Shift A,MCH-004,L7349
50ffdc62-574b-4fa7-9aa9-ab90cff14bd6,2025-05-30,TPU,Red,Line 1,1057.44,0.61,Pass,David Pittman,819-303-1909x4296,saracarroll@mayer.com,Shift B,MCH-002,L8259
03ef848b-ead5-4216-acf2-e1860b77cf6b,2025-05-30,TPU,Blue,Line 6,981.88,0.32,Fail,David Pittman,819-303-1909x4296,saracarroll@mayer.com,Shift A,MCH-003,L8353
afd77ac6-2c21-471c-a0bc-490574a4c480,2025-05-30,PLA,Blue,Line 6,935.27,3.74,Pass,Jacqueline Bass,001-988-061-3911x7775,haynesdavid@yahoo.com,Shift A,MCH-004,L1665
6c987837-14e2-4635-9d81-6ea09654bbd9,2025-05-30,TPU,Black,Line 2,976.61,2.52,Pass,Mary Anderson,247-382-6261x52923,jesse59@stewart-johnson.info,Shift B,MCH-003,L1092
c7aa6ba6-d5be-47f2-a6fe-104fd8166940,2025-05-30,TPU,Blue,Line 1,997.65,2.72,Pass,Paul Macdonald,493-813-3210x19538,victormason@cabrera.com,Shift B,MCH-003,L1833
5b09f8fc-9808-4002-9eb5-824137791e08,2025-05-30,ABS,Black,Line 1,1003.84,0.08,Pass,Mary Anderson,247-382-6261x52923,jesse59@stewart-johnson.info,Shift C,MCH-003,L9608
471c21c2-3799-4ade-b151-2ca9e20989c6,2025-05-30,TPU,Red,Line 5,1049.81,1.26,Pass,Patrick Meyer,(945)759-0061x325,victoria30@wallace-kennedy.biz,Shift A,MCH-004,L2506
6749475b-efb3-4673-9b0a-56dfc8718574,2025-05-30,PLA,Black,Line 3,922.17,1.36,Pass,Rita Graves,538.709.6430x8749,deleonscott@hatfield-reyes.com,Shift B,MCH-002,L9691
db70b104-ac43-4fb4-bd76-d9276576bb98,2025-05-30,TPU,Red,Line 1,1075.04,3.28,Pass,Sherry Bryant,001-741-699-1830x254,timothy04@knox.net,Shift B,MCH-004,L4937
